frame_id,yaw_deg,n_finite,n_fov,n_common,shift_p50_px
000001,-3.00000000,120268,18637,17813,44.09297402
000001,-2.00000000,120268,18627,18080,29.47018977
000001,-1.00000000,120268,18635,18357,14.77552880
000001,-0.50000000,120268,18633,18499,7.39937966
000001,0.00000000,120268,18630,18630,0.00000000
000001,0.50000000,120268,18629,18492,7.39445266
000001,1.00000000,120268,18630,18360,14.75720923
000001,2.00000000,120268,18633,18089,29.38994392
000001,3.00000000,120268,18635,17815,43.90004925
000004,-3.00000000,115976,19049,18255,43.93081760
000004,-2.00000000,115976,19067,18537,29.38472551
000004,-1.00000000,115976,19080,18806,14.73309677
000004,-0.50000000,115976,19076,18938,7.37807905
000004,0.00000000,115976,19063,19063,0.00000000
000004,0.50000000,115976,19053,18929,7.37672217
000004,1.00000000,115976,19032,18793,14.73063969
000004,2.00000000,115976,18975,18518,29.35634159
000004,3.00000000,115976,18965,18244,43.88508972
000007,-3.00000000,122798,19515,18712,43.62085486
000007,-2.00000000,122798,19508,18977,29.14877576
000007,-1.00000000,122798,19363,19095,14.59119426
000007,-0.50000000,122798,19351,19221,7.30577826
000007,0.00000000,122798,19423,19423,0.00000000
000007,0.50000000,122798,19433,19285,7.31091472
000007,1.00000000,122798,19388,19144,14.59960180
000007,2.00000000,122798,19236,18870,29.10777094
000007,3.00000000,122798,19268,18593,43.52763133
000008,-3.00000000,122555,17099,16465,42.79901342
000008,-2.00000000,122555,17106,16695,28.61762602
000008,-1.00000000,122555,17161,16959,14.35525319
000008,-0.50000000,122555,17198,17098,7.19067209
000008,0.00000000,122555,17238,17238,0.00000000
000008,0.50000000,122555,17281,17138,7.19466335
000008,1.00000000,122555,17316,17033,14.36672089
000008,2.00000000,122555,17384,16835,28.68333522
000008,3.00000000,122555,17436,16622,42.93690703
000009,-3.00000000,123928,19443,18619,43.68037685
000009,-2.00000000,123928,19440,18890,29.21250047
000009,-1.00000000,123928,19429,19157,14.64808121
000009,-0.50000000,123928,19427,19285,7.33432726
000009,0.00000000,123928,19411,19411,0.00000000
000009,0.50000000,123928,19412,19279,7.33416669
000009,1.00000000,123928,19395,19140,14.64490231
000009,2.00000000,123928,19381,18871,29.19455920
000009,3.00000000,123928,19381,18598,43.66310221
000010,-3.00000000,115875,16717,15983,43.44522825
000010,-2.00000000,115875,16646,16142,29.00675777
000010,-1.00000000,115875,16555,16304,14.52150359
000010,-0.50000000,115875,16501,16380,7.26641669
000010,0.00000000,115875,16464,16464,0.00000000
000010,0.50000000,115875,16412,16334,7.25993807
000010,1.00000000,115875,16369,16212,14.49381120
000010,2.00000000,115875,16299,15949,28.89466176
000010,3.00000000,115875,16271,15707,43.20035216
000011,-3.00000000,108004,19832,19169,43.41497408
000011,-2.00000000,108004,19876,19432,29.00958981
000011,-1.00000000,108004,19933,19709,14.54877808
000011,-0.50000000,108004,19955,19846,7.28870804
000011,0.00000000,108004,19946,19946,0.00000000
000011,0.50000000,108004,19946,19823,7.28597141
000011,1.00000000,108004,19952,19700,14.55137705
000011,2.00000000,108004,19963,19447,29.04445509
000011,3.00000000,108004,19948,19180,43.47832989
000012,-3.00000000,120007,18664,17874,43.83265448
000012,-2.00000000,120007,18666,18150,29.27145432
000012,-1.00000000,120007,18666,18425,14.65472329
000012,-0.50000000,120007,18677,18568,7.33294146
000012,0.00000000,120007,18705,18705,0.00000000
000012,0.50000000,120007,18688,18579,7.31534674
000012,1.00000000,120007,18698,18440,14.59807772
000012,2.00000000,120007,18699,18164,29.09825588
000012,3.00000000,120007,18713,17905,43.52322788
000015,-3.00000000,122583,18302,17618,42.69406500
000015,-2.00000000,122583,18327,17867,28.53432992
000015,-1.00000000,122583,18347,18127,14.29211202
000015,-0.50000000,122583,18347,18243,7.15562442
000015,0.00000000,122583,18334,18334,0.00000000
000015,0.50000000,122583,18379,18250,7.16678096
000015,1.00000000,122583,18441,18165,14.32010517
000015,2.00000000,122583,18470,17978,28.54105494
000015,3.00000000,122583,18540,17797,42.67441594
000016,-3.00000000,113070,17840,17151,43.15492807
000016,-2.00000000,113070,17869,17394,28.85109651
000016,-1.00000000,113070,17879,17628,14.47173892
000016,-0.50000000,113070,17881,17750,7.24800513
000016,0.00000000,113070,17868,17868,0.00000000
000016,0.50000000,113070,17872,17752,7.24619118
000016,1.00000000,113070,17871,17625,14.47030767
000016,2.00000000,113070,17883,17388,28.87805704
000016,3.00000000,113070,17899,17169,43.23117086
000019,-3.00000000,115697,18613,17988,43.76265695
000019,-2.00000000,115697,18699,18258,29.26786491
000019,-1.00000000,115697,18740,18523,14.68306341
000019,-0.50000000,115697,18765,18659,7.35489386
000019,0.00000000,115697,18792,18792,0.00000000
000019,0.50000000,115697,18828,18688,7.35656577
000019,1.00000000,115697,18859,18589,14.69313609
000019,2.00000000,115697,18912,18369,29.29216223
000019,3.00000000,115697,18936,18139,43.80416973
000021,-3.00000000,125260,19920,19110,43.59021468
000021,-2.00000000,125260,19860,19322,29.12265828
000021,-1.00000000,125260,19815,19548,14.60215137
000021,-0.50000000,125260,19814,19676,7.31210622
000021,0.00000000,125260,19824,19824,0.00000000
000021,0.50000000,125260,19818,19684,7.31703087
000021,1.00000000,125260,19827,19544,14.61727841
000021,2.00000000,125260,19841,19273,29.17528668
000021,3.00000000,125260,19863,18996,43.63034189
000023,-3.00000000,120412,18578,17762,44.07476637
000023,-2.00000000,120412,18581,18042,29.46707679
000023,-1.00000000,120412,18584,18315,14.77370077
000023,-0.50000000,120412,18595,18456,7.39909419
000023,0.00000000,120412,18587,18587,0.00000000
000023,0.50000000,120412,18585,18453,7.39407323
000023,1.00000000,120412,18583,18314,14.75645336
000023,2.00000000,120412,18592,18048,29.39514103
000023,3.00000000,120412,18594,17777,43.90431496
000025,-3.00000000,115780,17549,17001,42.56706386
000025,-2.00000000,115780,17528,17166,28.42902536
000025,-1.00000000,115780,17543,17358,14.24288222
000025,-0.50000000,115780,17538,17441,7.12982052
000025,0.00000000,115780,17529,17529,0.00000000
000025,0.50000000,115780,17534,17439,7.12926852
000025,1.00000000,115780,17540,17346,14.24772512
000025,2.00000000,115780,17541,17162,28.44745031
000025,3.00000000,115780,17514,16956,42.58571948
000031,-3.00000000,121291,18968,18148,43.39025691
000031,-2.00000000,121291,18931,18389,29.07694528
000031,-1.00000000,121291,18905,18634,14.61682897
000031,-0.50000000,121291,18907,18768,7.33002732
000031,0.00000000,121291,18896,18896,0.00000000
000031,0.50000000,121291,18877,18757,7.33759196
000031,1.00000000,121291,18837,18626,14.65659538
000031,2.00000000,121291,18783,18351,29.24433080
000031,3.00000000,121291,18731,18088,43.76528684
000032,-3.00000000,118661,19537,18729,43.47913607
000032,-2.00000000,118661,19540,19005,29.10770883
000032,-1.00000000,118661,19539,19272,14.60750831
000032,-0.50000000,118661,19536,19399,7.31528667
000032,0.00000000,118661,19535,19535,0.00000000
000032,0.50000000,118661,19547,19410,7.32006603
000032,1.00000000,118661,19546,19276,14.62098614
000032,2.00000000,118661,19548,19005,29.15681191
000032,3.00000000,118661,19552,18737,43.58198837
000043,-3.00000000,122591,19565,18917,43.33333059
000043,-2.00000000,122591,19572,19174,29.01129111
000043,-1.00000000,122591,19623,19401,14.55373352
000043,-0.50000000,122591,19619,19516,7.28839306
000043,0.00000000,122591,19655,19655,0.00000000
000043,0.50000000,122591,19689,19557,7.28709970
000043,1.00000000,122591,19713,19445,14.55231502
000043,2.00000000,122591,19769,19227,29.02720204
000043,3.00000000,122591,19811,19001,43.42849766
000048,-3.00000000,122675,19795,19069,43.35928861
000048,-2.00000000,122675,19848,19364,28.97286481
000048,-1.00000000,122675,19870,19614,14.52896891
000048,-0.50000000,122675,19824,19690,7.27346477
000048,0.00000000,122675,19820,19820,0.00000000
000048,0.50000000,122675,19841,19685,7.27145395
000048,1.00000000,122675,19852,19547,14.51857106
000048,2.00000000,122675,19883,19270,28.94502486
000048,3.00000000,122675,19897,19008,43.27129209
000049,-3.00000000,113691,17790,17343,43.05853572
000049,-2.00000000,113691,17890,17592,28.79619602
000049,-1.00000000,113691,17986,17847,14.45548511
000049,-0.50000000,113691,18033,17971,7.24354091
000049,0.00000000,113691,18093,18093,0.00000000
000049,0.50000000,113691,18134,18023,7.25458292
000049,1.00000000,113691,18174,17948,14.49790051
000049,2.00000000,113691,18229,17790,28.96335829
000049,3.00000000,113691,18231,17594,43.38560918
000061,-3.00000000,125247,19657,18963,42.45656112
000061,-2.00000000,125247,19690,19234,28.38100293
000061,-1.00000000,125247,19733,19507,14.22458256
000061,-0.50000000,125247,19765,19649,7.12323722
000061,0.00000000,125247,19791,19791,0.00000000
000061,0.50000000,125247,19813,19677,7.12551389
000061,1.00000000,125247,19825,19559,14.23545068
000061,2.00000000,125247,19866,19326,28.40859605
000061,3.00000000,125247,19899,19088,42.52697033
