frame_id,object_id,class_name,depth_m,range_bin,truncated,occluded,yaw_deg,n_points,n_visible,n_hit,hit_pct
000001,0,Truck,69.44000000,far >=30m,0.00000000,0,-3.00000000,70,70,0,0.00000000
000001,2,Cyclist,45.84000000,far >=30m,0.00000000,3,-3.00000000,18,18,0,0.00000000
000001,0,Truck,69.44000000,far >=30m,0.00000000,0,-2.00000000,70,70,12,17.14285714
000001,2,Cyclist,45.84000000,far >=30m,0.00000000,3,-2.00000000,18,18,0,0.00000000
000001,0,Truck,69.44000000,far >=30m,0.00000000,0,-1.00000000,70,70,45,64.28571429
000001,2,Cyclist,45.84000000,far >=30m,0.00000000,3,-1.00000000,18,18,0,0.00000000
000001,0,Truck,69.44000000,far >=30m,0.00000000,0,-0.50000000,70,70,59,84.28571429
000001,2,Cyclist,45.84000000,far >=30m,0.00000000,3,-0.50000000,18,18,8,44.44444444
000001,0,Truck,69.44000000,far >=30m,0.00000000,0,0.00000000,70,70,70,100.00000000
000001,2,Cyclist,45.84000000,far >=30m,0.00000000,3,0.00000000,18,18,18,100.00000000
000001,0,Truck,69.44000000,far >=30m,0.00000000,0,0.50000000,70,70,53,75.71428571
000001,2,Cyclist,45.84000000,far >=30m,0.00000000,3,0.50000000,18,18,10,55.55555556
000001,0,Truck,69.44000000,far >=30m,0.00000000,0,1.00000000,70,70,38,54.28571429
000001,2,Cyclist,45.84000000,far >=30m,0.00000000,3,1.00000000,18,18,0,0.00000000
000001,0,Truck,69.44000000,far >=30m,0.00000000,0,2.00000000,70,70,7,10.00000000
000001,2,Cyclist,45.84000000,far >=30m,0.00000000,3,2.00000000,18,18,0,0.00000000
000001,0,Truck,69.44000000,far >=30m,0.00000000,0,3.00000000,70,70,0,0.00000000
000001,2,Cyclist,45.84000000,far >=30m,0.00000000,3,3.00000000,18,18,0,0.00000000
000004,0,Car,38.26000000,far >=30m,0.00000000,0,-3.00000000,77,77,18,23.37662338
000004,1,Car,51.17000000,far >=30m,0.00000000,0,-3.00000000,26,26,0,0.00000000
000004,0,Car,38.26000000,far >=30m,0.00000000,0,-2.00000000,77,77,38,49.35064935
000004,1,Car,51.17000000,far >=30m,0.00000000,0,-2.00000000,26,26,9,34.61538462
000004,0,Car,38.26000000,far >=30m,0.00000000,0,-1.00000000,77,77,63,81.81818182
000004,1,Car,51.17000000,far >=30m,0.00000000,0,-1.00000000,26,26,17,65.38461538
000004,0,Car,38.26000000,far >=30m,0.00000000,0,-0.50000000,77,77,72,93.50649351
000004,1,Car,51.17000000,far >=30m,0.00000000,0,-0.50000000,26,26,23,88.46153846
000004,0,Car,38.26000000,far >=30m,0.00000000,0,0.00000000,77,77,77,100.00000000
000004,1,Car,51.17000000,far >=30m,0.00000000,0,0.00000000,26,26,26,100.00000000
000004,0,Car,38.26000000,far >=30m,0.00000000,0,0.50000000,77,77,75,97.40259740
000004,1,Car,51.17000000,far >=30m,0.00000000,0,0.50000000,26,26,22,84.61538462
000004,0,Car,38.26000000,far >=30m,0.00000000,0,1.00000000,77,77,65,84.41558442
000004,1,Car,51.17000000,far >=30m,0.00000000,0,1.00000000,26,26,17,65.38461538
000004,0,Car,38.26000000,far >=30m,0.00000000,0,2.00000000,77,77,47,61.03896104
000004,1,Car,51.17000000,far >=30m,0.00000000,0,2.00000000,26,26,9,34.61538462
000004,0,Car,38.26000000,far >=30m,0.00000000,0,3.00000000,77,77,21,27.27272727
000004,1,Car,51.17000000,far >=30m,0.00000000,0,3.00000000,26,26,0,0.00000000
000007,0,Car,25.01000000,mid 15-30m,0.00000000,0,-3.00000000,191,191,46,24.08376963
000007,1,Car,47.55000000,far >=30m,0.00000000,0,-3.00000000,19,19,0,0.00000000
000007,3,Cyclist,34.09000000,far >=30m,0.00000000,0,-3.00000000,25,25,0,0.00000000
000007,0,Car,25.01000000,mid 15-30m,0.00000000,0,-2.00000000,191,191,100,52.35602094
000007,1,Car,47.55000000,far >=30m,0.00000000,0,-2.00000000,19,19,5,26.31578947
000007,3,Cyclist,34.09000000,far >=30m,0.00000000,0,-2.00000000,25,25,0,0.00000000
000007,0,Car,25.01000000,mid 15-30m,0.00000000,0,-1.00000000,191,191,155,81.15183246
000007,1,Car,47.55000000,far >=30m,0.00000000,0,-1.00000000,19,19,13,68.42105263
000007,3,Cyclist,34.09000000,far >=30m,0.00000000,0,-1.00000000,25,25,6,24.00000000
000007,0,Car,25.01000000,mid 15-30m,0.00000000,0,-0.50000000,191,191,178,93.19371728
000007,1,Car,47.55000000,far >=30m,0.00000000,0,-0.50000000,19,19,18,94.73684211
000007,3,Cyclist,34.09000000,far >=30m,0.00000000,0,-0.50000000,25,25,21,84.00000000
000007,0,Car,25.01000000,mid 15-30m,0.00000000,0,0.00000000,191,191,191,100.00000000
000007,1,Car,47.55000000,far >=30m,0.00000000,0,0.00000000,19,19,19,100.00000000
000007,3,Cyclist,34.09000000,far >=30m,0.00000000,0,0.00000000,25,25,25,100.00000000
000007,0,Car,25.01000000,mid 15-30m,0.00000000,0,0.50000000,191,191,172,90.05235602
000007,1,Car,47.55000000,far >=30m,0.00000000,0,0.50000000,19,19,13,68.42105263
000007,3,Cyclist,34.09000000,far >=30m,0.00000000,0,0.50000000,25,25,24,96.00000000
000007,0,Car,25.01000000,mid 15-30m,0.00000000,0,1.00000000,191,191,150,78.53403141
000007,1,Car,47.55000000,far >=30m,0.00000000,0,1.00000000,19,19,10,52.63157895
000007,3,Cyclist,34.09000000,far >=30m,0.00000000,0,1.00000000,25,25,11,44.00000000
000007,0,Car,25.01000000,mid 15-30m,0.00000000,0,2.00000000,191,191,98,51.30890052
000007,1,Car,47.55000000,far >=30m,0.00000000,0,2.00000000,19,19,1,5.26315789
000007,3,Cyclist,34.09000000,far >=30m,0.00000000,0,2.00000000,25,25,0,0.00000000
000007,0,Car,25.01000000,mid 15-30m,0.00000000,0,3.00000000,191,191,42,21.98952880
000007,1,Car,47.55000000,far >=30m,0.00000000,0,3.00000000,19,19,0,0.00000000
000007,3,Cyclist,34.09000000,far >=30m,0.00000000,0,3.00000000,25,25,0,0.00000000
000008,0,Car,3.68000000,near <15m,0.88000000,3,-3.00000000,6237,1695,1569,25.15632516
000008,1,Car,7.86000000,near <15m,0.00000000,1,-3.00000000,1940,1940,1749,90.15463918
000008,2,Car,6.15000000,near <15m,0.34000000,3,-3.00000000,1041,664,655,62.92026897
000008,3,Car,14.44000000,near <15m,0.00000000,1,-3.00000000,668,668,501,75.00000000
000008,4,Car,33.20000000,far >=30m,0.00000000,0,-3.00000000,53,53,9,16.98113208
000008,5,Car,19.96000000,mid 15-30m,0.00000000,0,-3.00000000,164,164,53,32.31707317
000008,0,Car,3.68000000,near <15m,0.88000000,3,-2.00000000,6237,1598,1537,24.64325798
000008,1,Car,7.86000000,near <15m,0.00000000,1,-2.00000000,1940,1940,1842,94.94845361
000008,2,Car,6.15000000,near <15m,0.34000000,3,-2.00000000,1041,734,726,69.74063401
000008,3,Car,14.44000000,near <15m,0.00000000,1,-2.00000000,668,668,582,87.12574850
000008,4,Car,33.20000000,far >=30m,0.00000000,0,-2.00000000,53,53,32,60.37735849
000008,5,Car,19.96000000,mid 15-30m,0.00000000,0,-2.00000000,164,164,92,56.09756098
000008,0,Car,3.68000000,near <15m,0.88000000,3,-1.00000000,6237,1510,1496,23.98589065
000008,1,Car,7.86000000,near <15m,0.00000000,1,-1.00000000,1940,1940,1932,99.58762887
000008,2,Car,6.15000000,near <15m,0.34000000,3,-1.00000000,1041,813,804,77.23342939
000008,3,Car,14.44000000,near <15m,0.00000000,1,-1.00000000,668,668,633,94.76047904
000008,4,Car,33.20000000,far >=30m,0.00000000,0,-1.00000000,53,53,47,88.67924528
000008,5,Car,19.96000000,mid 15-30m,0.00000000,0,-1.00000000,164,164,136,82.92682927
000008,0,Car,3.68000000,near <15m,0.88000000,3,-0.50000000,6237,1467,1452,23.28042328
000008,1,Car,7.86000000,near <15m,0.00000000,1,-0.50000000,1940,1940,1940,100.00000000
000008,2,Car,6.15000000,near <15m,0.34000000,3,-0.50000000,1041,852,842,80.88376561
000008,3,Car,14.44000000,near <15m,0.00000000,1,-0.50000000,668,668,659,98.65269461
000008,4,Car,33.20000000,far >=30m,0.00000000,0,-0.50000000,53,53,53,100.00000000
000008,5,Car,19.96000000,mid 15-30m,0.00000000,0,-0.50000000,164,164,155,94.51219512
000008,0,Car,3.68000000,near <15m,0.88000000,3,0.00000000,6237,1424,1412,22.63908931
000008,1,Car,7.86000000,near <15m,0.00000000,1,0.00000000,1940,1940,1940,100.00000000
000008,2,Car,6.15000000,near <15m,0.34000000,3,0.00000000,1041,878,871,83.66954851
000008,3,Car,14.44000000,near <15m,0.00000000,1,0.00000000,668,668,668,100.00000000
000008,4,Car,33.20000000,far >=30m,0.00000000,0,0.00000000,53,53,53,100.00000000
000008,5,Car,19.96000000,mid 15-30m,0.00000000,0,0.00000000,164,164,164,100.00000000
000008,0,Car,3.68000000,near <15m,0.88000000,3,0.50000000,6237,1381,1371,21.98172198
000008,1,Car,7.86000000,near <15m,0.00000000,1,0.50000000,1940,1940,1940,100.00000000
000008,2,Car,6.15000000,near <15m,0.34000000,3,0.50000000,1041,898,893,85.78290106
000008,3,Car,14.44000000,near <15m,0.00000000,1,0.50000000,668,668,668,100.00000000
000008,4,Car,33.20000000,far >=30m,0.00000000,0,0.50000000,53,53,48,90.56603774
000008,5,Car,19.96000000,mid 15-30m,0.00000000,0,0.50000000,164,164,162,98.78048780
000008,0,Car,3.68000000,near <15m,0.88000000,3,1.00000000,6237,1338,1325,21.24418791
000008,1,Car,7.86000000,near <15m,0.00000000,1,1.00000000,1940,1940,1940,100.00000000
000008,2,Car,6.15000000,near <15m,0.34000000,3,1.00000000,1041,908,899,86.35926993
000008,3,Car,14.44000000,near <15m,0.00000000,1,1.00000000,668,668,655,98.05389222
000008,4,Car,33.20000000,far >=30m,0.00000000,0,1.00000000,53,53,40,75.47169811
000008,5,Car,19.96000000,mid 15-30m,0.00000000,0,1.00000000,164,164,142,86.58536585
000008,0,Car,3.68000000,near <15m,0.88000000,3,2.00000000,6237,1260,1244,19.94548661
000008,1,Car,7.86000000,near <15m,0.00000000,1,2.00000000,1940,1940,1928,99.38144330
000008,2,Car,6.15000000,near <15m,0.34000000,3,2.00000000,1041,923,883,84.82228626
000008,3,Car,14.44000000,near <15m,0.00000000,1,2.00000000,668,668,577,86.37724551
000008,4,Car,33.20000000,far >=30m,0.00000000,0,2.00000000,53,53,17,32.07547170
000008,5,Car,19.96000000,mid 15-30m,0.00000000,0,2.00000000,164,164,99,60.36585366
000008,0,Car,3.68000000,near <15m,0.88000000,3,3.00000000,6237,1180,1173,18.80711881
000008,1,Car,7.86000000,near <15m,0.00000000,1,3.00000000,1940,1940,1894,97.62886598
000008,2,Car,6.15000000,near <15m,0.34000000,3,3.00000000,1041,938,878,84.34197887
000008,3,Car,14.44000000,near <15m,0.00000000,1,3.00000000,668,668,487,72.90419162
000008,4,Car,33.20000000,far >=30m,0.00000000,0,3.00000000,53,53,3,5.66037736
000008,5,Car,19.96000000,mid 15-30m,0.00000000,0,3.00000000,164,164,62,37.80487805
000009,0,Car,23.88000000,mid 15-30m,0.00000000,0,-3.00000000,219,219,70,31.96347032
000009,0,Car,23.88000000,mid 15-30m,0.00000000,0,-2.00000000,219,219,124,56.62100457
000009,0,Car,23.88000000,mid 15-30m,0.00000000,0,-1.00000000,219,219,176,80.36529680
000009,0,Car,23.88000000,mid 15-30m,0.00000000,0,-0.50000000,219,219,205,93.60730594
000009,0,Car,23.88000000,mid 15-30m,0.00000000,0,0.00000000,219,219,219,100.00000000
000009,0,Car,23.88000000,mid 15-30m,0.00000000,0,0.50000000,219,219,203,92.69406393
000009,0,Car,23.88000000,mid 15-30m,0.00000000,0,1.00000000,219,219,180,82.19178082
000009,0,Car,23.88000000,mid 15-30m,0.00000000,0,2.00000000,219,219,120,54.79452055
000009,0,Car,23.88000000,mid 15-30m,0.00000000,0,3.00000000,219,219,66,30.13698630
000010,0,Car,5.20000000,near <15m,0.80000000,0,-3.00000000,1645,175,173,10.51671733
000010,1,Car,11.80000000,near <15m,0.00000000,0,-3.00000000,1016,1016,841,82.77559055
000010,2,Pedestrian,23.51000000,mid 15-30m,0.00000000,2,-3.00000000,23,23,0,0.00000000
000010,3,Car,16.50000000,mid 15-30m,0.00000000,0,-3.00000000,340,340,199,58.52941176
000010,4,Car,22.05000000,mid 15-30m,0.00000000,2,-3.00000000,48,48,41,85.41666667
000010,5,Car,23.64000000,mid 15-30m,0.00000000,0,-3.00000000,246,246,113,45.93495935
000010,6,Car,29.07000000,mid 15-30m,0.00000000,2,-3.00000000,55,55,0,0.00000000
000010,7,Car,28.53000000,mid 15-30m,0.00000000,1,-3.00000000,33,33,14,42.42424242
000010,8,Car,42.85000000,far >=30m,0.00000000,1,-3.00000000,20,20,0,0.00000000
000010,0,Car,5.20000000,near <15m,0.80000000,0,-2.00000000,1645,204,201,12.21884498
000010,1,Car,11.80000000,near <15m,0.00000000,0,-2.00000000,1016,1016,919,90.45275591
000010,2,Pedestrian,23.51000000,mid 15-30m,0.00000000,2,-2.00000000,23,23,0,0.00000000
000010,3,Car,16.50000000,mid 15-30m,0.00000000,0,-2.00000000,340,340,258,75.88235294
000010,4,Car,22.05000000,mid 15-30m,0.00000000,2,-2.00000000,48,48,45,93.75000000
000010,5,Car,23.64000000,mid 15-30m,0.00000000,0,-2.00000000,246,246,167,67.88617886
000010,6,Car,29.07000000,mid 15-30m,0.00000000,2,-2.00000000,55,55,4,7.27272727
000010,7,Car,28.53000000,mid 15-30m,0.00000000,1,-2.00000000,33,33,29,87.87878788
000010,8,Car,42.85000000,far >=30m,0.00000000,1,-2.00000000,20,20,6,30.00000000
000010,0,Car,5.20000000,near <15m,0.80000000,0,-1.00000000,1645,243,238,14.46808511
000010,1,Car,11.80000000,near <15m,0.00000000,0,-1.00000000,1016,1016,995,97.93307087
000010,2,Pedestrian,23.51000000,mid 15-30m,0.00000000,2,-1.00000000,23,23,2,8.69565217
000010,3,Car,16.50000000,mid 15-30m,0.00000000,0,-1.00000000,340,340,318,93.52941176
000010,4,Car,22.05000000,mid 15-30m,0.00000000,2,-1.00000000,48,48,48,100.00000000
000010,5,Car,23.64000000,mid 15-30m,0.00000000,0,-1.00000000,246,246,218,88.61788618
000010,6,Car,29.07000000,mid 15-30m,0.00000000,2,-1.00000000,55,55,31,56.36363636
000010,7,Car,28.53000000,mid 15-30m,0.00000000,1,-1.00000000,33,33,33,100.00000000
000010,8,Car,42.85000000,far >=30m,0.00000000,1,-1.00000000,20,20,18,90.00000000
000010,0,Car,5.20000000,near <15m,0.80000000,0,-0.50000000,1645,260,257,15.62310030
000010,1,Car,11.80000000,near <15m,0.00000000,0,-0.50000000,1016,1016,1016,100.00000000
000010,2,Pedestrian,23.51000000,mid 15-30m,0.00000000,2,-0.50000000,23,23,13,56.52173913
000010,3,Car,16.50000000,mid 15-30m,0.00000000,0,-0.50000000,340,340,337,99.11764706
000010,4,Car,22.05000000,mid 15-30m,0.00000000,2,-0.50000000,48,48,48,100.00000000
000010,5,Car,23.64000000,mid 15-30m,0.00000000,0,-0.50000000,246,246,237,96.34146341
000010,6,Car,29.07000000,mid 15-30m,0.00000000,2,-0.50000000,55,55,45,81.81818182
000010,7,Car,28.53000000,mid 15-30m,0.00000000,1,-0.50000000,33,33,33,100.00000000
000010,8,Car,42.85000000,far >=30m,0.00000000,1,-0.50000000,20,20,18,90.00000000
000010,0,Car,5.20000000,near <15m,0.80000000,0,0.00000000,1645,283,277,16.83890578
000010,1,Car,11.80000000,near <15m,0.00000000,0,0.00000000,1016,1016,1016,100.00000000
000010,2,Pedestrian,23.51000000,mid 15-30m,0.00000000,2,0.00000000,23,23,23,100.00000000
000010,3,Car,16.50000000,mid 15-30m,0.00000000,0,0.00000000,340,340,340,100.00000000
000010,4,Car,22.05000000,mid 15-30m,0.00000000,2,0.00000000,48,48,48,100.00000000
000010,5,Car,23.64000000,mid 15-30m,0.00000000,0,0.00000000,246,246,246,100.00000000
000010,6,Car,29.07000000,mid 15-30m,0.00000000,2,0.00000000,55,55,55,100.00000000
000010,7,Car,28.53000000,mid 15-30m,0.00000000,1,0.00000000,33,33,33,100.00000000
000010,8,Car,42.85000000,far >=30m,0.00000000,1,0.00000000,20,20,20,100.00000000
000010,0,Car,5.20000000,near <15m,0.80000000,0,0.50000000,1645,304,299,18.17629179
000010,1,Car,11.80000000,near <15m,0.00000000,0,0.50000000,1016,1016,1016,100.00000000
000010,2,Pedestrian,23.51000000,mid 15-30m,0.00000000,2,0.50000000,23,23,19,82.60869565
000010,3,Car,16.50000000,mid 15-30m,0.00000000,0,0.50000000,340,340,339,99.70588235
000010,4,Car,22.05000000,mid 15-30m,0.00000000,2,0.50000000,48,48,47,97.91666667
000010,5,Car,23.64000000,mid 15-30m,0.00000000,0,0.50000000,246,246,246,100.00000000
000010,6,Car,29.07000000,mid 15-30m,0.00000000,2,0.50000000,55,55,55,100.00000000
000010,7,Car,28.53000000,mid 15-30m,0.00000000,1,0.50000000,33,33,27,81.81818182
000010,8,Car,42.85000000,far >=30m,0.00000000,1,0.50000000,20,20,20,100.00000000
000010,0,Car,5.20000000,near <15m,0.80000000,0,1.00000000,1645,325,311,18.90577508
000010,1,Car,11.80000000,near <15m,0.00000000,0,1.00000000,1016,1016,1016,100.00000000
000010,2,Pedestrian,23.51000000,mid 15-30m,0.00000000,2,1.00000000,23,23,7,30.43478261
000010,3,Car,16.50000000,mid 15-30m,0.00000000,0,1.00000000,340,340,326,95.88235294
000010,4,Car,22.05000000,mid 15-30m,0.00000000,2,1.00000000,48,48,30,62.50000000
000010,5,Car,23.64000000,mid 15-30m,0.00000000,0,1.00000000,246,246,232,94.30894309
000010,6,Car,29.07000000,mid 15-30m,0.00000000,2,1.00000000,55,55,53,96.36363636
000010,7,Car,28.53000000,mid 15-30m,0.00000000,1,1.00000000,33,33,19,57.57575758
000010,8,Car,42.85000000,far >=30m,0.00000000,1,1.00000000,20,20,17,85.00000000
000010,0,Car,5.20000000,near <15m,0.80000000,0,2.00000000,1645,392,338,20.54711246
000010,1,Car,11.80000000,near <15m,0.00000000,0,2.00000000,1016,1016,984,96.85039370
000010,2,Pedestrian,23.51000000,mid 15-30m,0.00000000,2,2.00000000,23,23,0,0.00000000
000010,3,Car,16.50000000,mid 15-30m,0.00000000,0,2.00000000,340,340,297,87.35294118
000010,4,Car,22.05000000,mid 15-30m,0.00000000,2,2.00000000,48,48,12,25.00000000
000010,5,Car,23.64000000,mid 15-30m,0.00000000,0,2.00000000,246,246,187,76.01626016
000010,6,Car,29.07000000,mid 15-30m,0.00000000,2,2.00000000,55,55,49,89.09090909
000010,7,Car,28.53000000,mid 15-30m,0.00000000,1,2.00000000,33,33,4,12.12121212
000010,8,Car,42.85000000,far >=30m,0.00000000,1,2.00000000,20,20,5,25.00000000
000010,0,Car,5.20000000,near <15m,0.80000000,0,3.00000000,1645,480,395,24.01215805
000010,1,Car,11.80000000,near <15m,0.00000000,0,3.00000000,1016,1016,923,90.84645669
000010,2,Pedestrian,23.51000000,mid 15-30m,0.00000000,2,3.00000000,23,23,0,0.00000000
000010,3,Car,16.50000000,mid 15-30m,0.00000000,0,3.00000000,340,340,237,69.70588235
000010,4,Car,22.05000000,mid 15-30m,0.00000000,2,3.00000000,48,48,6,12.50000000
000010,5,Car,23.64000000,mid 15-30m,0.00000000,0,3.00000000,246,246,129,52.43902439
000010,6,Car,29.07000000,mid 15-30m,0.00000000,2,3.00000000,55,55,33,60.00000000
000010,7,Car,28.53000000,mid 15-30m,0.00000000,1,3.00000000,33,33,0,0.00000000
000010,8,Car,42.85000000,far >=30m,0.00000000,1,3.00000000,20,20,2,10.00000000
000011,0,Pedestrian,12.42000000,near <15m,0.00000000,1,-3.00000000,151,151,12,7.94701987
000011,1,Pedestrian,13.43000000,near <15m,0.00000000,2,-3.00000000,35,35,0,0.00000000
000011,2,Car,26.64000000,mid 15-30m,0.00000000,0,-3.00000000,208,208,59,28.36538462
000011,3,Pedestrian,34.08000000,far >=30m,0.00000000,0,-3.00000000,40,40,0,0.00000000
000011,4,Car,4.13000000,near <15m,0.98000000,0,-3.00000000,3251,416,261,8.02829898
000011,5,Pedestrian,15.95000000,mid 15-30m,0.00000000,0,-3.00000000,81,81,0,0.00000000
000011,0,Pedestrian,12.42000000,near <15m,0.00000000,1,-2.00000000,151,151,71,47.01986755
000011,1,Pedestrian,13.43000000,near <15m,0.00000000,2,-2.00000000,35,35,14,40.00000000
000011,2,Car,26.64000000,mid 15-30m,0.00000000,0,-2.00000000,208,208,112,53.84615385
000011,3,Pedestrian,34.08000000,far >=30m,0.00000000,0,-2.00000000,40,40,0,0.00000000
000011,4,Car,4.13000000,near <15m,0.98000000,0,-2.00000000,3251,347,268,8.24361735
000011,5,Pedestrian,15.95000000,mid 15-30m,0.00000000,0,-2.00000000,81,81,0,0.00000000
000011,0,Pedestrian,12.42000000,near <15m,0.00000000,1,-1.00000000,151,151,134,88.74172185
000011,1,Pedestrian,13.43000000,near <15m,0.00000000,2,-1.00000000,35,35,29,82.85714286
000011,2,Car,26.64000000,mid 15-30m,0.00000000,0,-1.00000000,208,208,165,79.32692308
000011,3,Pedestrian,34.08000000,far >=30m,0.00000000,0,-1.00000000,40,40,9,22.50000000
000011,4,Car,4.13000000,near <15m,0.98000000,0,-1.00000000,3251,285,267,8.21285758
000011,5,Pedestrian,15.95000000,mid 15-30m,0.00000000,0,-1.00000000,81,81,33,40.74074074
000011,0,Pedestrian,12.42000000,near <15m,0.00000000,1,-0.50000000,151,151,143,94.70198675
000011,1,Pedestrian,13.43000000,near <15m,0.00000000,2,-0.50000000,35,35,32,91.42857143
000011,2,Car,26.64000000,mid 15-30m,0.00000000,0,-0.50000000,208,208,193,92.78846154
000011,3,Pedestrian,34.08000000,far >=30m,0.00000000,0,-0.50000000,40,40,27,67.50000000
000011,4,Car,4.13000000,near <15m,0.98000000,0,-0.50000000,3251,248,245,7.53614273
000011,5,Pedestrian,15.95000000,mid 15-30m,0.00000000,0,-0.50000000,81,81,67,82.71604938
000011,0,Pedestrian,12.42000000,near <15m,0.00000000,1,0.00000000,151,151,150,99.33774834
000011,1,Pedestrian,13.43000000,near <15m,0.00000000,2,0.00000000,35,35,35,100.00000000
000011,2,Car,26.64000000,mid 15-30m,0.00000000,0,0.00000000,208,208,208,100.00000000
000011,3,Pedestrian,34.08000000,far >=30m,0.00000000,0,0.00000000,40,40,40,100.00000000
000011,4,Car,4.13000000,near <15m,0.98000000,0,0.00000000,3251,210,207,6.36727161
000011,5,Pedestrian,15.95000000,mid 15-30m,0.00000000,0,0.00000000,81,81,81,100.00000000
000011,0,Pedestrian,12.42000000,near <15m,0.00000000,1,0.50000000,151,151,141,93.37748344
000011,1,Pedestrian,13.43000000,near <15m,0.00000000,2,0.50000000,35,35,35,100.00000000
000011,2,Car,26.64000000,mid 15-30m,0.00000000,0,0.50000000,208,208,199,95.67307692
000011,3,Pedestrian,34.08000000,far >=30m,0.00000000,0,0.50000000,40,40,21,52.50000000
000011,4,Car,4.13000000,near <15m,0.98000000,0,0.50000000,3251,175,172,5.29067979
000011,5,Pedestrian,15.95000000,mid 15-30m,0.00000000,0,0.50000000,81,81,66,81.48148148
000011,0,Pedestrian,12.42000000,near <15m,0.00000000,1,1.00000000,151,151,124,82.11920530
000011,1,Pedestrian,13.43000000,near <15m,0.00000000,2,1.00000000,35,35,35,100.00000000
000011,2,Car,26.64000000,mid 15-30m,0.00000000,0,1.00000000,208,208,178,85.57692308
000011,3,Pedestrian,34.08000000,far >=30m,0.00000000,0,1.00000000,40,40,3,7.50000000
000011,4,Car,4.13000000,near <15m,0.98000000,0,1.00000000,3251,141,140,4.30636727
000011,5,Pedestrian,15.95000000,mid 15-30m,0.00000000,0,1.00000000,81,81,28,34.56790123
000011,0,Pedestrian,12.42000000,near <15m,0.00000000,1,2.00000000,151,151,44,29.13907285
000011,1,Pedestrian,13.43000000,near <15m,0.00000000,2,2.00000000,35,35,21,60.00000000
000011,2,Car,26.64000000,mid 15-30m,0.00000000,0,2.00000000,208,208,127,61.05769231
000011,3,Pedestrian,34.08000000,far >=30m,0.00000000,0,2.00000000,40,40,0,0.00000000
000011,4,Car,4.13000000,near <15m,0.98000000,0,2.00000000,3251,77,77,2.36850200
000011,5,Pedestrian,15.95000000,mid 15-30m,0.00000000,0,2.00000000,81,81,0,0.00000000
000011,0,Pedestrian,12.42000000,near <15m,0.00000000,1,3.00000000,151,151,10,6.62251656
000011,1,Pedestrian,13.43000000,near <15m,0.00000000,2,3.00000000,35,35,6,17.14285714
000011,2,Car,26.64000000,mid 15-30m,0.00000000,0,3.00000000,208,208,76,36.53846154
000011,3,Pedestrian,34.08000000,far >=30m,0.00000000,0,3.00000000,40,40,0,0.00000000
000011,4,Car,4.13000000,near <15m,0.98000000,0,3.00000000,3251,22,22,0.67671486
000011,5,Pedestrian,15.95000000,mid 15-30m,0.00000000,0,3.00000000,81,81,0,0.00000000
000012,0,Car,58.84000000,far >=30m,0.00000000,0,-3.00000000,13,13,0,0.00000000
000012,1,Van,65.02000000,far >=30m,0.00000000,0,-3.00000000,39,39,0,0.00000000
000012,0,Car,58.84000000,far >=30m,0.00000000,0,-2.00000000,13,13,0,0.00000000
000012,1,Van,65.02000000,far >=30m,0.00000000,0,-2.00000000,39,39,5,12.82051282
000012,0,Car,58.84000000,far >=30m,0.00000000,0,-1.00000000,13,13,4,30.76923077
000012,1,Van,65.02000000,far >=30m,0.00000000,0,-1.00000000,39,39,24,61.53846154
000012,0,Car,58.84000000,far >=30m,0.00000000,0,-0.50000000,13,13,10,76.92307692
000012,1,Van,65.02000000,far >=30m,0.00000000,0,-0.50000000,39,39,36,92.30769231
000012,0,Car,58.84000000,far >=30m,0.00000000,0,0.00000000,13,13,13,100.00000000
000012,1,Van,65.02000000,far >=30m,0.00000000,0,0.00000000,39,39,39,100.00000000
000012,0,Car,58.84000000,far >=30m,0.00000000,0,0.50000000,13,13,13,100.00000000
000012,1,Van,65.02000000,far >=30m,0.00000000,0,0.50000000,39,39,35,89.74358974
000012,0,Car,58.84000000,far >=30m,0.00000000,0,1.00000000,13,13,11,84.61538462
000012,1,Van,65.02000000,far >=30m,0.00000000,0,1.00000000,39,39,23,58.97435897
000012,0,Car,58.84000000,far >=30m,0.00000000,0,2.00000000,13,13,1,7.69230769
000012,1,Van,65.02000000,far >=30m,0.00000000,0,2.00000000,39,39,4,10.25641026
000012,0,Car,58.84000000,far >=30m,0.00000000,0,3.00000000,13,13,0,0.00000000
000012,1,Van,65.02000000,far >=30m,0.00000000,0,3.00000000,39,39,0,0.00000000
000015,0,Car,4.10000000,near <15m,0.89000000,0,-3.00000000,5857,1806,1642,28.03483012
000015,1,Pedestrian,7.59000000,near <15m,0.00000000,1,-3.00000000,386,386,174,45.07772021
000015,2,Pedestrian,24.14000000,mid 15-30m,0.00000000,0,-3.00000000,55,55,0,0.00000000
000015,3,Pedestrian,24.22000000,mid 15-30m,0.00000000,0,-3.00000000,70,70,0,0.00000000
000015,4,Pedestrian,23.30000000,mid 15-30m,0.00000000,0,-3.00000000,66,66,0,0.00000000
000015,0,Car,4.10000000,near <15m,0.89000000,0,-2.00000000,5857,1760,1693,28.90558306
000015,1,Pedestrian,7.59000000,near <15m,0.00000000,1,-2.00000000,386,386,323,83.67875648
000015,2,Pedestrian,24.14000000,mid 15-30m,0.00000000,0,-2.00000000,55,55,0,0.00000000
000015,3,Pedestrian,24.22000000,mid 15-30m,0.00000000,0,-2.00000000,70,70,0,0.00000000
000015,4,Pedestrian,23.30000000,mid 15-30m,0.00000000,0,-2.00000000,66,66,0,0.00000000
000015,0,Car,4.10000000,near <15m,0.89000000,0,-1.00000000,5857,1704,1688,28.82021513
000015,1,Pedestrian,7.59000000,near <15m,0.00000000,1,-1.00000000,386,386,364,94.30051813
000015,2,Pedestrian,24.14000000,mid 15-30m,0.00000000,0,-1.00000000,55,55,27,49.09090909
000015,3,Pedestrian,24.22000000,mid 15-30m,0.00000000,0,-1.00000000,70,70,40,57.14285714
000015,4,Pedestrian,23.30000000,mid 15-30m,0.00000000,0,-1.00000000,66,66,36,54.54545455
000015,0,Car,4.10000000,near <15m,0.89000000,0,-0.50000000,5857,1676,1660,28.34215469
000015,1,Pedestrian,7.59000000,near <15m,0.00000000,1,-0.50000000,386,386,369,95.59585492
000015,2,Pedestrian,24.14000000,mid 15-30m,0.00000000,0,-0.50000000,55,55,53,96.36363636
000015,3,Pedestrian,24.22000000,mid 15-30m,0.00000000,0,-0.50000000,70,70,64,91.42857143
000015,4,Pedestrian,23.30000000,mid 15-30m,0.00000000,0,-0.50000000,66,66,61,92.42424242
000015,0,Car,4.10000000,near <15m,0.89000000,0,0.00000000,5857,1650,1637,27.94946218
000015,1,Pedestrian,7.59000000,near <15m,0.00000000,1,0.00000000,386,386,371,96.11398964
000015,2,Pedestrian,24.14000000,mid 15-30m,0.00000000,0,0.00000000,55,55,49,89.09090909
000015,3,Pedestrian,24.22000000,mid 15-30m,0.00000000,0,0.00000000,70,70,59,84.28571429
000015,4,Pedestrian,23.30000000,mid 15-30m,0.00000000,0,0.00000000,66,66,66,100.00000000
000015,0,Car,4.10000000,near <15m,0.89000000,0,0.50000000,5857,1629,1612,27.52262250
000015,1,Pedestrian,7.59000000,near <15m,0.00000000,1,0.50000000,386,386,330,85.49222798
000015,2,Pedestrian,24.14000000,mid 15-30m,0.00000000,0,0.50000000,55,55,19,34.54545455
000015,3,Pedestrian,24.22000000,mid 15-30m,0.00000000,0,0.50000000,70,70,31,44.28571429
000015,4,Pedestrian,23.30000000,mid 15-30m,0.00000000,0,0.50000000,66,66,50,75.75757576
000015,0,Car,4.10000000,near <15m,0.89000000,0,1.00000000,5857,1605,1589,27.12993000
000015,1,Pedestrian,7.59000000,near <15m,0.00000000,1,1.00000000,386,386,269,69.68911917
000015,2,Pedestrian,24.14000000,mid 15-30m,0.00000000,0,1.00000000,55,55,0,0.00000000
000015,3,Pedestrian,24.22000000,mid 15-30m,0.00000000,0,1.00000000,70,70,6,8.57142857
000015,4,Pedestrian,23.30000000,mid 15-30m,0.00000000,0,1.00000000,66,66,17,25.75757576
000015,0,Car,4.10000000,near <15m,0.89000000,0,2.00000000,5857,1558,1547,26.41283934
000015,1,Pedestrian,7.59000000,near <15m,0.00000000,1,2.00000000,386,386,126,32.64248705
000015,2,Pedestrian,24.14000000,mid 15-30m,0.00000000,0,2.00000000,55,55,0,0.00000000
000015,3,Pedestrian,24.22000000,mid 15-30m,0.00000000,0,2.00000000,70,70,0,0.00000000
000015,4,Pedestrian,23.30000000,mid 15-30m,0.00000000,0,2.00000000,66,66,0,0.00000000
000015,0,Car,4.10000000,near <15m,0.89000000,0,3.00000000,5857,1521,1512,25.81526379
000015,1,Pedestrian,7.59000000,near <15m,0.00000000,1,3.00000000,386,386,26,6.73575130
000015,2,Pedestrian,24.14000000,mid 15-30m,0.00000000,0,3.00000000,55,55,0,0.00000000
000015,3,Pedestrian,24.22000000,mid 15-30m,0.00000000,0,3.00000000,70,70,0,0.00000000
000015,4,Pedestrian,23.30000000,mid 15-30m,0.00000000,0,3.00000000,66,66,0,0.00000000
000016,0,Car,44.41000000,far >=30m,0.00000000,2,-3.00000000,24,24,0,0.00000000
000016,1,Truck,26.41000000,mid 15-30m,0.00000000,2,-3.00000000,1973,1973,1793,90.87683730
000016,2,Car,33.13000000,far >=30m,0.00000000,0,-3.00000000,51,51,12,23.52941176
000016,3,Car,6.05000000,near <15m,0.50000000,0,-3.00000000,2051,1886,1792,87.37201365
000016,4,Car,46.74000000,far >=30m,0.00000000,0,-3.00000000,10,10,0,0.00000000
000016,0,Car,44.41000000,far >=30m,0.00000000,2,-2.00000000,24,24,7,29.16666667
000016,1,Truck,26.41000000,mid 15-30m,0.00000000,2,-2.00000000,1973,1973,1874,94.98226052
000016,2,Car,33.13000000,far >=30m,0.00000000,0,-2.00000000,51,51,26,50.98039216
000016,3,Car,6.05000000,near <15m,0.50000000,0,-2.00000000,2051,1865,1837,89.56606533
000016,4,Car,46.74000000,far >=30m,0.00000000,0,-2.00000000,10,10,2,20.00000000
000016,0,Car,44.41000000,far >=30m,0.00000000,2,-1.00000000,24,24,19,79.16666667
000016,1,Truck,26.41000000,mid 15-30m,0.00000000,2,-1.00000000,1973,1973,1948,98.73289407
000016,2,Car,33.13000000,far >=30m,0.00000000,0,-1.00000000,51,51,49,96.07843137
000016,3,Car,6.05000000,near <15m,0.50000000,0,-1.00000000,2051,1835,1831,89.27352511
000016,4,Car,46.74000000,far >=30m,0.00000000,0,-1.00000000,10,10,7,70.00000000
000016,0,Car,44.41000000,far >=30m,0.00000000,2,-0.50000000,24,24,24,100.00000000
000016,1,Truck,26.41000000,mid 15-30m,0.00000000,2,-0.50000000,1973,1973,1973,100.00000000
000016,2,Car,33.13000000,far >=30m,0.00000000,0,-0.50000000,51,51,50,98.03921569
000016,3,Car,6.05000000,near <15m,0.50000000,0,-0.50000000,2051,1808,1802,87.85958069
000016,4,Car,46.74000000,far >=30m,0.00000000,0,-0.50000000,10,10,9,90.00000000
000016,0,Car,44.41000000,far >=30m,0.00000000,2,0.00000000,24,24,24,100.00000000
000016,1,Truck,26.41000000,mid 15-30m,0.00000000,2,0.00000000,1973,1973,1973,100.00000000
000016,2,Car,33.13000000,far >=30m,0.00000000,0,0.00000000,51,51,51,100.00000000
000016,3,Car,6.05000000,near <15m,0.50000000,0,0.00000000,2051,1766,1761,85.86055583
000016,4,Car,46.74000000,far >=30m,0.00000000,0,0.00000000,10,10,10,100.00000000
000016,0,Car,44.41000000,far >=30m,0.00000000,2,0.50000000,24,24,18,75.00000000
000016,1,Truck,26.41000000,mid 15-30m,0.00000000,2,0.50000000,1973,1973,1964,99.54384187
000016,2,Car,33.13000000,far >=30m,0.00000000,0,0.50000000,51,51,46,90.19607843
000016,3,Car,6.05000000,near <15m,0.50000000,0,0.50000000,2051,1713,1706,83.17893710
000016,4,Car,46.74000000,far >=30m,0.00000000,0,0.50000000,10,10,8,80.00000000
000016,0,Car,44.41000000,far >=30m,0.00000000,2,1.00000000,24,24,11,45.83333333
000016,1,Truck,26.41000000,mid 15-30m,0.00000000,2,1.00000000,1973,1973,1932,97.92194627
000016,2,Car,33.13000000,far >=30m,0.00000000,0,1.00000000,51,51,38,74.50980392
000016,3,Car,6.05000000,near <15m,0.50000000,0,1.00000000,2051,1648,1642,80.05850804
000016,4,Car,46.74000000,far >=30m,0.00000000,0,1.00000000,10,10,7,70.00000000
000016,0,Car,44.41000000,far >=30m,0.00000000,2,2.00000000,24,24,0,0.00000000
000016,1,Truck,26.41000000,mid 15-30m,0.00000000,2,2.00000000,1973,1973,1872,94.88089204
000016,2,Car,33.13000000,far >=30m,0.00000000,0,2.00000000,51,51,22,43.13725490
000016,3,Car,6.05000000,near <15m,0.50000000,0,2.00000000,2051,1520,1516,73.91516333
000016,4,Car,46.74000000,far >=30m,0.00000000,0,2.00000000,10,10,1,10.00000000
000016,0,Car,44.41000000,far >=30m,0.00000000,2,3.00000000,24,24,0,0.00000000
000016,1,Truck,26.41000000,mid 15-30m,0.00000000,2,3.00000000,1973,1973,1802,91.33299544
000016,2,Car,33.13000000,far >=30m,0.00000000,0,3.00000000,51,51,1,1.96078431
000016,3,Car,6.05000000,near <15m,0.50000000,0,3.00000000,2051,1403,1397,68.11311555
000016,4,Car,46.74000000,far >=30m,0.00000000,0,3.00000000,10,10,0,0.00000000
000019,0,Truck,5.46000000,near <15m,0.74000000,1,-3.00000000,7634,5276,4843,63.43987425
000019,1,Car,9.72000000,near <15m,0.00000000,0,-3.00000000,1236,1236,1043,84.38511327
000019,2,Van,35.34000000,far >=30m,0.00000000,0,-3.00000000,106,106,7,6.60377358
000019,3,Car,59.59000000,far >=30m,0.00000000,0,-3.00000000,19,19,0,0.00000000
000019,0,Truck,5.46000000,near <15m,0.74000000,1,-2.00000000,7634,5168,4963,65.01178936
000019,1,Car,9.72000000,near <15m,0.00000000,0,-2.00000000,1236,1236,1145,92.63754045
000019,2,Van,35.34000000,far >=30m,0.00000000,0,-2.00000000,106,106,46,43.39622642
000019,3,Car,59.59000000,far >=30m,0.00000000,0,-2.00000000,19,19,0,0.00000000
000019,0,Truck,5.46000000,near <15m,0.74000000,1,-1.00000000,7634,5049,5015,65.69295258
000019,1,Car,9.72000000,near <15m,0.00000000,0,-1.00000000,1236,1236,1226,99.19093851
000019,2,Van,35.34000000,far >=30m,0.00000000,0,-1.00000000,106,106,78,73.58490566
000019,3,Car,59.59000000,far >=30m,0.00000000,0,-1.00000000,19,19,11,57.89473684
000019,0,Truck,5.46000000,near <15m,0.74000000,1,-0.50000000,7634,4964,4957,64.93319361
000019,1,Car,9.72000000,near <15m,0.00000000,0,-0.50000000,1236,1236,1236,100.00000000
000019,2,Van,35.34000000,far >=30m,0.00000000,0,-0.50000000,106,106,92,86.79245283
000019,3,Car,59.59000000,far >=30m,0.00000000,0,-0.50000000,19,19,18,94.73684211
000019,0,Truck,5.46000000,near <15m,0.74000000,1,0.00000000,7634,4867,4862,63.68876081
000019,1,Car,9.72000000,near <15m,0.00000000,0,0.00000000,1236,1236,1236,100.00000000
000019,2,Van,35.34000000,far >=30m,0.00000000,0,0.00000000,106,106,106,100.00000000
000019,3,Car,59.59000000,far >=30m,0.00000000,0,0.00000000,19,19,19,100.00000000
000019,0,Truck,5.46000000,near <15m,0.74000000,1,0.50000000,7634,4774,4765,62.41812942
000019,1,Car,9.72000000,near <15m,0.00000000,0,0.50000000,1236,1236,1236,100.00000000
000019,2,Van,35.34000000,far >=30m,0.00000000,0,0.50000000,106,106,99,93.39622642
000019,3,Car,59.59000000,far >=30m,0.00000000,0,0.50000000,19,19,13,68.42105263
000019,0,Truck,5.46000000,near <15m,0.74000000,1,1.00000000,7634,4689,4683,61.34398742
000019,1,Car,9.72000000,near <15m,0.00000000,0,1.00000000,1236,1236,1226,99.19093851
000019,2,Van,35.34000000,far >=30m,0.00000000,0,1.00000000,106,106,78,73.58490566
000019,3,Car,59.59000000,far >=30m,0.00000000,0,1.00000000,19,19,6,31.57894737
000019,0,Truck,5.46000000,near <15m,0.74000000,1,2.00000000,7634,4489,4487,58.77652607
000019,1,Car,9.72000000,near <15m,0.00000000,0,2.00000000,1236,1236,1162,94.01294498
000019,2,Van,35.34000000,far >=30m,0.00000000,0,2.00000000,106,106,42,39.62264151
000019,3,Car,59.59000000,far >=30m,0.00000000,0,2.00000000,19,19,0,0.00000000
000019,0,Truck,5.46000000,near <15m,0.74000000,1,3.00000000,7634,4290,4283,56.10427037
000019,1,Car,9.72000000,near <15m,0.00000000,0,3.00000000,1236,1236,1098,88.83495146
000019,2,Van,35.34000000,far >=30m,0.00000000,0,3.00000000,106,106,13,12.26415094
000019,3,Car,59.59000000,far >=30m,0.00000000,0,3.00000000,19,19,0,0.00000000
000021,0,Cyclist,3.14000000,near <15m,0.89000000,0,-3.00000000,1484,17,16,1.07816712
000021,1,Car,13.30000000,near <15m,0.00000000,0,-3.00000000,850,850,671,78.94117647
000021,2,Car,17.60000000,mid 15-30m,0.00000000,1,-3.00000000,238,238,118,49.57983193
000021,3,Van,21.30000000,mid 15-30m,0.00000000,1,-3.00000000,964,964,824,85.47717842
000021,4,Car,25.97000000,mid 15-30m,0.00000000,0,-3.00000000,176,176,53,30.11363636
000021,5,Car,26.83000000,mid 15-30m,0.00000000,1,-3.00000000,113,113,17,15.04424779
000021,6,Car,32.13000000,far >=30m,0.00000000,2,-3.00000000,50,50,21,42.00000000
000021,7,Car,31.78000000,far >=30m,0.00000000,2,-3.00000000,28,28,0,0.00000000
000021,0,Cyclist,3.14000000,near <15m,0.89000000,0,-2.00000000,1484,43,43,2.89757412
000021,1,Car,13.30000000,near <15m,0.00000000,0,-2.00000000,850,850,749,88.11764706
000021,2,Car,17.60000000,mid 15-30m,0.00000000,1,-2.00000000,238,238,176,73.94957983
000021,3,Van,21.30000000,mid 15-30m,0.00000000,1,-2.00000000,964,964,884,91.70124481
000021,4,Car,25.97000000,mid 15-30m,0.00000000,0,-2.00000000,176,176,98,55.68181818
000021,5,Car,26.83000000,mid 15-30m,0.00000000,1,-2.00000000,113,113,56,49.55752212
000021,6,Car,32.13000000,far >=30m,0.00000000,2,-2.00000000,50,50,39,78.00000000
000021,7,Car,31.78000000,far >=30m,0.00000000,2,-2.00000000,28,28,0,0.00000000
000021,0,Cyclist,3.14000000,near <15m,0.89000000,0,-1.00000000,1484,94,88,5.92991914
000021,1,Car,13.30000000,near <15m,0.00000000,0,-1.00000000,850,850,821,96.58823529
000021,2,Car,17.60000000,mid 15-30m,0.00000000,1,-1.00000000,238,238,219,92.01680672
000021,3,Van,21.30000000,mid 15-30m,0.00000000,1,-1.00000000,964,964,939,97.40663900
000021,4,Car,25.97000000,mid 15-30m,0.00000000,0,-1.00000000,176,176,144,81.81818182
000021,5,Car,26.83000000,mid 15-30m,0.00000000,1,-1.00000000,113,113,92,81.41592920
000021,6,Car,32.13000000,far >=30m,0.00000000,2,-1.00000000,50,50,45,90.00000000
000021,7,Car,31.78000000,far >=30m,0.00000000,2,-1.00000000,28,28,5,17.85714286
000021,0,Cyclist,3.14000000,near <15m,0.89000000,0,-0.50000000,1484,135,126,8.49056604
000021,1,Car,13.30000000,near <15m,0.00000000,0,-0.50000000,850,850,848,99.76470588
000021,2,Car,17.60000000,mid 15-30m,0.00000000,1,-0.50000000,238,238,238,100.00000000
000021,3,Van,21.30000000,mid 15-30m,0.00000000,1,-0.50000000,964,964,959,99.48132780
000021,4,Car,25.97000000,mid 15-30m,0.00000000,0,-0.50000000,176,176,166,94.31818182
000021,5,Car,26.83000000,mid 15-30m,0.00000000,1,-0.50000000,113,113,104,92.03539823
000021,6,Car,32.13000000,far >=30m,0.00000000,2,-0.50000000,50,50,48,96.00000000
000021,7,Car,31.78000000,far >=30m,0.00000000,2,-0.50000000,28,28,25,89.28571429
000021,0,Cyclist,3.14000000,near <15m,0.89000000,0,0.00000000,1484,186,176,11.85983827
000021,1,Car,13.30000000,near <15m,0.00000000,0,0.00000000,850,850,850,100.00000000
000021,2,Car,17.60000000,mid 15-30m,0.00000000,1,0.00000000,238,238,238,100.00000000
000021,3,Van,21.30000000,mid 15-30m,0.00000000,1,0.00000000,964,964,964,100.00000000
000021,4,Car,25.97000000,mid 15-30m,0.00000000,0,0.00000000,176,176,176,100.00000000
000021,5,Car,26.83000000,mid 15-30m,0.00000000,1,0.00000000,113,113,113,100.00000000
000021,6,Car,32.13000000,far >=30m,0.00000000,2,0.00000000,50,50,50,100.00000000
000021,7,Car,31.78000000,far >=30m,0.00000000,2,0.00000000,28,28,28,100.00000000
000021,0,Cyclist,3.14000000,near <15m,0.89000000,0,0.50000000,1484,230,229,15.43126685
000021,1,Car,13.30000000,near <15m,0.00000000,0,0.50000000,850,850,850,100.00000000
000021,2,Car,17.60000000,mid 15-30m,0.00000000,1,0.50000000,238,238,238,100.00000000
000021,3,Van,21.30000000,mid 15-30m,0.00000000,1,0.50000000,964,964,963,99.89626556
000021,4,Car,25.97000000,mid 15-30m,0.00000000,0,0.50000000,176,176,175,99.43181818
000021,5,Car,26.83000000,mid 15-30m,0.00000000,1,0.50000000,113,113,113,100.00000000
000021,6,Car,32.13000000,far >=30m,0.00000000,2,0.50000000,50,50,47,94.00000000
000021,7,Car,31.78000000,far >=30m,0.00000000,2,0.50000000,28,28,28,100.00000000
000021,0,Cyclist,3.14000000,near <15m,0.89000000,0,1.00000000,1484,286,274,18.46361186
000021,1,Car,13.30000000,near <15m,0.00000000,0,1.00000000,850,850,845,99.41176471
000021,2,Car,17.60000000,mid 15-30m,0.00000000,1,1.00000000,238,238,238,100.00000000
000021,3,Van,21.30000000,mid 15-30m,0.00000000,1,1.00000000,964,964,923,95.74688797
000021,4,Car,25.97000000,mid 15-30m,0.00000000,0,1.00000000,176,176,161,91.47727273
000021,5,Car,26.83000000,mid 15-30m,0.00000000,1,1.00000000,113,113,113,100.00000000
000021,6,Car,32.13000000,far >=30m,0.00000000,2,1.00000000,50,50,40,80.00000000
000021,7,Car,31.78000000,far >=30m,0.00000000,2,1.00000000,28,28,28,100.00000000
000021,0,Cyclist,3.14000000,near <15m,0.89000000,0,2.00000000,1484,383,380,25.60646900
000021,1,Car,13.30000000,near <15m,0.00000000,0,2.00000000,850,850,789,92.82352941
000021,2,Car,17.60000000,mid 15-30m,0.00000000,1,2.00000000,238,238,236,99.15966387
000021,3,Van,21.30000000,mid 15-30m,0.00000000,1,2.00000000,964,964,904,93.77593361
000021,4,Car,25.97000000,mid 15-30m,0.00000000,0,2.00000000,176,176,122,69.31818182
000021,5,Car,26.83000000,mid 15-30m,0.00000000,1,2.00000000,113,113,88,77.87610619
000021,6,Car,32.13000000,far >=30m,0.00000000,2,2.00000000,50,50,14,28.00000000
000021,7,Car,31.78000000,far >=30m,0.00000000,2,2.00000000,28,28,28,100.00000000
000021,0,Cyclist,3.14000000,near <15m,0.89000000,0,3.00000000,1484,480,473,31.87331536
000021,1,Car,13.30000000,near <15m,0.00000000,0,3.00000000,850,850,717,84.35294118
000021,2,Car,17.60000000,mid 15-30m,0.00000000,1,3.00000000,238,238,227,95.37815126
000021,3,Van,21.30000000,mid 15-30m,0.00000000,1,3.00000000,964,964,829,85.99585062
000021,4,Car,25.97000000,mid 15-30m,0.00000000,0,3.00000000,176,176,77,43.75000000
000021,5,Car,26.83000000,mid 15-30m,0.00000000,1,3.00000000,113,113,51,45.13274336
000021,6,Car,32.13000000,far >=30m,0.00000000,2,3.00000000,50,50,7,14.00000000
000021,7,Car,31.78000000,far >=30m,0.00000000,2,3.00000000,28,28,3,10.71428571
000023,0,Truck,69.29000000,far >=30m,0.00000000,0,-3.00000000,74,74,0,0.00000000
000023,1,Car,55.08000000,far >=30m,0.00000000,0,-3.00000000,13,13,0,0.00000000
000023,2,Cyclist,44.76000000,far >=30m,0.00000000,3,-3.00000000,20,20,0,0.00000000
000023,0,Truck,69.29000000,far >=30m,0.00000000,0,-2.00000000,74,74,13,17.56756757
000023,1,Car,55.08000000,far >=30m,0.00000000,0,-2.00000000,13,13,4,30.76923077
000023,2,Cyclist,44.76000000,far >=30m,0.00000000,3,-2.00000000,20,20,0,0.00000000
000023,0,Truck,69.29000000,far >=30m,0.00000000,0,-1.00000000,74,74,43,58.10810811
000023,1,Car,55.08000000,far >=30m,0.00000000,0,-1.00000000,13,13,13,100.00000000
000023,2,Cyclist,44.76000000,far >=30m,0.00000000,3,-1.00000000,20,20,0,0.00000000
000023,0,Truck,69.29000000,far >=30m,0.00000000,0,-0.50000000,74,74,61,82.43243243
000023,1,Car,55.08000000,far >=30m,0.00000000,0,-0.50000000,13,13,13,100.00000000
000023,2,Cyclist,44.76000000,far >=30m,0.00000000,3,-0.50000000,20,20,8,40.00000000
000023,0,Truck,69.29000000,far >=30m,0.00000000,0,0.00000000,74,74,74,100.00000000
000023,1,Car,55.08000000,far >=30m,0.00000000,0,0.00000000,13,13,13,100.00000000
000023,2,Cyclist,44.76000000,far >=30m,0.00000000,3,0.00000000,20,20,20,100.00000000
000023,0,Truck,69.29000000,far >=30m,0.00000000,0,0.50000000,74,74,61,82.43243243
000023,1,Car,55.08000000,far >=30m,0.00000000,0,0.50000000,13,13,11,84.61538462
000023,2,Cyclist,44.76000000,far >=30m,0.00000000,3,0.50000000,20,20,12,60.00000000
000023,0,Truck,69.29000000,far >=30m,0.00000000,0,1.00000000,74,74,43,58.10810811
000023,1,Car,55.08000000,far >=30m,0.00000000,0,1.00000000,13,13,7,53.84615385
000023,2,Cyclist,44.76000000,far >=30m,0.00000000,3,1.00000000,20,20,0,0.00000000
000023,0,Truck,69.29000000,far >=30m,0.00000000,0,2.00000000,74,74,10,13.51351351
000023,1,Car,55.08000000,far >=30m,0.00000000,0,2.00000000,13,13,0,0.00000000
000023,2,Cyclist,44.76000000,far >=30m,0.00000000,3,2.00000000,20,20,0,0.00000000
000023,0,Truck,69.29000000,far >=30m,0.00000000,0,3.00000000,74,74,0,0.00000000
000023,1,Car,55.08000000,far >=30m,0.00000000,0,3.00000000,13,13,0,0.00000000
000023,2,Cyclist,44.76000000,far >=30m,0.00000000,3,3.00000000,20,20,0,0.00000000
000025,0,Car,3.14000000,near <15m,0.94000000,3,-3.00000000,1319,113,110,8.33965125
000025,1,Car,10.42000000,near <15m,0.00000000,0,-3.00000000,1121,1121,962,85.81623550
000025,2,Car,30.18000000,far >=30m,0.00000000,0,-3.00000000,61,61,22,36.06557377
000025,3,Car,17.48000000,mid 15-30m,0.00000000,0,-3.00000000,316,316,156,49.36708861
000025,4,Cyclist,44.63000000,far >=30m,0.00000000,3,-3.00000000,21,21,0,0.00000000
000025,5,Car,22.30000000,mid 15-30m,0.00000000,1,-3.00000000,27,27,27,100.00000000
000025,0,Car,3.14000000,near <15m,0.94000000,3,-2.00000000,1319,113,113,8.56709629
000025,1,Car,10.42000000,near <15m,0.00000000,0,-2.00000000,1121,1121,1032,92.06066012
000025,2,Car,30.18000000,far >=30m,0.00000000,0,-2.00000000,61,61,44,72.13114754
000025,3,Car,17.48000000,mid 15-30m,0.00000000,0,-2.00000000,316,316,225,71.20253165
000025,4,Cyclist,44.63000000,far >=30m,0.00000000,3,-2.00000000,21,21,0,0.00000000
000025,5,Car,22.30000000,mid 15-30m,0.00000000,1,-2.00000000,27,27,27,100.00000000
000025,0,Car,3.14000000,near <15m,0.94000000,3,-1.00000000,1319,126,123,9.32524640
000025,1,Car,10.42000000,near <15m,0.00000000,0,-1.00000000,1121,1121,1101,98.21587868
000025,2,Car,30.18000000,far >=30m,0.00000000,0,-1.00000000,61,61,58,95.08196721
000025,3,Car,17.48000000,mid 15-30m,0.00000000,0,-1.00000000,316,316,289,91.45569620
000025,4,Cyclist,44.63000000,far >=30m,0.00000000,3,-1.00000000,21,21,0,0.00000000
000025,5,Car,22.30000000,mid 15-30m,0.00000000,1,-1.00000000,27,27,27,100.00000000
000025,0,Car,3.14000000,near <15m,0.94000000,3,-0.50000000,1319,132,129,9.78013647
000025,1,Car,10.42000000,near <15m,0.00000000,0,-0.50000000,1121,1121,1119,99.82158787
000025,2,Car,30.18000000,far >=30m,0.00000000,0,-0.50000000,61,61,60,98.36065574
000025,3,Car,17.48000000,mid 15-30m,0.00000000,0,-0.50000000,316,316,312,98.73417722
000025,4,Cyclist,44.63000000,far >=30m,0.00000000,3,-0.50000000,21,21,7,33.33333333
000025,5,Car,22.30000000,mid 15-30m,0.00000000,1,-0.50000000,27,27,27,100.00000000
000025,0,Car,3.14000000,near <15m,0.94000000,3,0.00000000,1319,140,138,10.46247157
000025,1,Car,10.42000000,near <15m,0.00000000,0,0.00000000,1121,1121,1121,100.00000000
000025,2,Car,30.18000000,far >=30m,0.00000000,0,0.00000000,61,61,61,100.00000000
000025,3,Car,17.48000000,mid 15-30m,0.00000000,0,0.00000000,316,316,316,100.00000000
000025,4,Cyclist,44.63000000,far >=30m,0.00000000,3,0.00000000,21,21,21,100.00000000
000025,5,Car,22.30000000,mid 15-30m,0.00000000,1,0.00000000,27,27,27,100.00000000
000025,0,Car,3.14000000,near <15m,0.94000000,3,0.50000000,1319,147,146,11.06899166
000025,1,Car,10.42000000,near <15m,0.00000000,0,0.50000000,1121,1121,1118,99.73238180
000025,2,Car,30.18000000,far >=30m,0.00000000,0,0.50000000,61,61,56,91.80327869
000025,3,Car,17.48000000,mid 15-30m,0.00000000,0,0.50000000,316,316,312,98.73417722
000025,4,Cyclist,44.63000000,far >=30m,0.00000000,3,0.50000000,21,21,5,23.80952381
000025,5,Car,22.30000000,mid 15-30m,0.00000000,1,0.50000000,27,27,14,51.85185185
000025,0,Car,3.14000000,near <15m,0.94000000,3,1.00000000,1319,156,156,11.82714177
000025,1,Car,10.42000000,near <15m,0.00000000,0,1.00000000,1121,1121,1095,97.68064228
000025,2,Car,30.18000000,far >=30m,0.00000000,0,1.00000000,61,61,48,78.68852459
000025,3,Car,17.48000000,mid 15-30m,0.00000000,0,1.00000000,316,316,293,92.72151899
000025,4,Cyclist,44.63000000,far >=30m,0.00000000,3,1.00000000,21,21,0,0.00000000
000025,5,Car,22.30000000,mid 15-30m,0.00000000,1,1.00000000,27,27,2,7.40740741
000025,0,Car,3.14000000,near <15m,0.94000000,3,2.00000000,1319,172,155,11.75132676
000025,1,Car,10.42000000,near <15m,0.00000000,0,2.00000000,1121,1121,1015,90.54415700
000025,2,Car,30.18000000,far >=30m,0.00000000,0,2.00000000,61,61,25,40.98360656
000025,3,Car,17.48000000,mid 15-30m,0.00000000,0,2.00000000,316,316,233,73.73417722
000025,4,Cyclist,44.63000000,far >=30m,0.00000000,3,2.00000000,21,21,0,0.00000000
000025,5,Car,22.30000000,mid 15-30m,0.00000000,1,2.00000000,27,27,0,0.00000000
000025,0,Car,3.14000000,near <15m,0.94000000,3,3.00000000,1319,177,160,12.13040182
000025,1,Car,10.42000000,near <15m,0.00000000,0,3.00000000,1121,1121,929,82.87243533
000025,2,Car,30.18000000,far >=30m,0.00000000,0,3.00000000,61,61,8,13.11475410
000025,3,Car,17.48000000,mid 15-30m,0.00000000,0,3.00000000,316,316,165,52.21518987
000025,4,Cyclist,44.63000000,far >=30m,0.00000000,3,3.00000000,21,21,0,0.00000000
000025,5,Car,22.30000000,mid 15-30m,0.00000000,1,3.00000000,27,27,0,0.00000000
000031,0,Car,12.20000000,near <15m,0.00000000,0,-3.00000000,1028,1028,811,78.89105058
000031,1,Car,8.46000000,near <15m,0.00000000,0,-3.00000000,1028,1028,830,80.73929961
000031,2,Car,13.14000000,near <15m,0.00000000,1,-3.00000000,517,517,482,93.23017408
000031,3,Truck,22.27000000,mid 15-30m,0.00000000,2,-3.00000000,328,328,175,53.35365854
000031,4,Car,26.41000000,mid 15-30m,0.00000000,0,-3.00000000,141,141,34,24.11347518
000031,5,Van,51.90000000,far >=30m,0.00000000,0,-3.00000000,32,32,0,0.00000000
000031,0,Car,12.20000000,near <15m,0.00000000,0,-2.00000000,1028,1028,917,89.20233463
000031,1,Car,8.46000000,near <15m,0.00000000,0,-2.00000000,1028,1028,916,89.10505837
000031,2,Car,13.14000000,near <15m,0.00000000,1,-2.00000000,517,517,513,99.22630561
000031,3,Truck,22.27000000,mid 15-30m,0.00000000,2,-2.00000000,328,328,227,69.20731707
000031,4,Car,26.41000000,mid 15-30m,0.00000000,0,-2.00000000,141,141,75,53.19148936
000031,5,Van,51.90000000,far >=30m,0.00000000,0,-2.00000000,32,32,0,0.00000000
000031,0,Car,12.20000000,near <15m,0.00000000,0,-1.00000000,1028,1028,992,96.49805447
000031,1,Car,8.46000000,near <15m,0.00000000,0,-1.00000000,1028,1028,1011,98.34630350
000031,2,Car,13.14000000,near <15m,0.00000000,1,-1.00000000,517,517,517,100.00000000
000031,3,Truck,22.27000000,mid 15-30m,0.00000000,2,-1.00000000,328,328,298,90.85365854
000031,4,Car,26.41000000,mid 15-30m,0.00000000,0,-1.00000000,141,141,113,80.14184397
000031,5,Van,51.90000000,far >=30m,0.00000000,0,-1.00000000,32,32,17,53.12500000
000031,0,Car,12.20000000,near <15m,0.00000000,0,-0.50000000,1028,1028,1025,99.70817121
000031,1,Car,8.46000000,near <15m,0.00000000,0,-0.50000000,1028,1028,1028,100.00000000
000031,2,Car,13.14000000,near <15m,0.00000000,1,-0.50000000,517,517,517,100.00000000
000031,3,Truck,22.27000000,mid 15-30m,0.00000000,2,-0.50000000,328,328,310,94.51219512
000031,4,Car,26.41000000,mid 15-30m,0.00000000,0,-0.50000000,141,141,134,95.03546099
000031,5,Van,51.90000000,far >=30m,0.00000000,0,-0.50000000,32,32,25,78.12500000
000031,0,Car,12.20000000,near <15m,0.00000000,0,0.00000000,1028,1028,1028,100.00000000
000031,1,Car,8.46000000,near <15m,0.00000000,0,0.00000000,1028,1028,1028,100.00000000
000031,2,Car,13.14000000,near <15m,0.00000000,1,0.00000000,517,517,517,100.00000000
000031,3,Truck,22.27000000,mid 15-30m,0.00000000,2,0.00000000,328,328,328,100.00000000
000031,4,Car,26.41000000,mid 15-30m,0.00000000,0,0.00000000,141,141,141,100.00000000
000031,5,Van,51.90000000,far >=30m,0.00000000,0,0.00000000,32,32,32,100.00000000
000031,0,Car,12.20000000,near <15m,0.00000000,0,0.50000000,1028,1028,1025,99.70817121
000031,1,Car,8.46000000,near <15m,0.00000000,0,0.50000000,1028,1028,1028,100.00000000
000031,2,Car,13.14000000,near <15m,0.00000000,1,0.50000000,517,517,508,98.25918762
000031,3,Truck,22.27000000,mid 15-30m,0.00000000,2,0.50000000,328,328,320,97.56097561
000031,4,Car,26.41000000,mid 15-30m,0.00000000,0,0.50000000,141,141,131,92.90780142
000031,5,Van,51.90000000,far >=30m,0.00000000,0,0.50000000,32,32,28,87.50000000
000031,0,Car,12.20000000,near <15m,0.00000000,0,1.00000000,1028,1028,1000,97.27626459
000031,1,Car,8.46000000,near <15m,0.00000000,0,1.00000000,1028,1028,1017,98.92996109
000031,2,Car,13.14000000,near <15m,0.00000000,1,1.00000000,517,517,491,94.97098646
000031,3,Truck,22.27000000,mid 15-30m,0.00000000,2,1.00000000,328,328,304,92.68292683
000031,4,Car,26.41000000,mid 15-30m,0.00000000,0,1.00000000,141,141,110,78.01418440
000031,5,Van,51.90000000,far >=30m,0.00000000,0,1.00000000,32,32,19,59.37500000
000031,0,Car,12.20000000,near <15m,0.00000000,0,2.00000000,1028,1028,903,87.84046693
000031,1,Car,8.46000000,near <15m,0.00000000,0,2.00000000,1028,1028,977,95.03891051
000031,2,Car,13.14000000,near <15m,0.00000000,1,2.00000000,517,517,432,83.55899420
000031,3,Truck,22.27000000,mid 15-30m,0.00000000,2,2.00000000,328,328,255,77.74390244
000031,4,Car,26.41000000,mid 15-30m,0.00000000,0,2.00000000,141,141,68,48.22695035
000031,5,Van,51.90000000,far >=30m,0.00000000,0,2.00000000,32,32,3,9.37500000
000031,0,Car,12.20000000,near <15m,0.00000000,0,3.00000000,1028,1028,801,77.91828794
000031,1,Car,8.46000000,near <15m,0.00000000,0,3.00000000,1028,1028,953,92.70428016
000031,2,Car,13.14000000,near <15m,0.00000000,1,3.00000000,517,517,351,67.89168279
000031,3,Truck,22.27000000,mid 15-30m,0.00000000,2,3.00000000,328,328,209,63.71951220
000031,4,Car,26.41000000,mid 15-30m,0.00000000,0,3.00000000,141,141,29,20.56737589
000031,5,Van,51.90000000,far >=30m,0.00000000,0,3.00000000,32,32,0,0.00000000
000032,0,Car,9.00000000,near <15m,0.00000000,0,-3.00000000,1435,1435,1287,89.68641115
000032,1,Car,8.60000000,near <15m,0.00000000,0,-3.00000000,1352,1352,1125,83.21005917
000032,2,Van,14.34000000,near <15m,0.00000000,1,-3.00000000,803,803,530,66.00249066
000032,3,Car,13.47000000,near <15m,0.00000000,1,-3.00000000,410,410,404,98.53658537
000032,4,Car,19.85000000,mid 15-30m,0.00000000,2,-3.00000000,71,71,56,78.87323944
000032,5,Van,22.71000000,mid 15-30m,0.00000000,2,-3.00000000,584,584,452,77.39726027
000032,6,Car,25.25000000,mid 15-30m,0.00000000,2,-3.00000000,75,75,36,48.00000000
000032,7,Van,44.71000000,far >=30m,0.00000000,0,-3.00000000,64,64,0,0.00000000
000032,8,Van,39.04000000,far >=30m,0.00000000,2,-3.00000000,154,154,146,94.80519481
000032,9,Car,44.75000000,far >=30m,0.00000000,0,-3.00000000,39,39,0,0.00000000
000032,0,Car,9.00000000,near <15m,0.00000000,0,-2.00000000,1435,1435,1382,96.30662021
000032,1,Car,8.60000000,near <15m,0.00000000,0,-2.00000000,1352,1352,1223,90.45857988
000032,2,Van,14.34000000,near <15m,0.00000000,1,-2.00000000,803,803,653,81.32004981
000032,3,Car,13.47000000,near <15m,0.00000000,1,-2.00000000,410,410,410,100.00000000
000032,4,Car,19.85000000,mid 15-30m,0.00000000,2,-2.00000000,71,71,64,90.14084507
000032,5,Van,22.71000000,mid 15-30m,0.00000000,2,-2.00000000,584,584,522,89.38356164
000032,6,Car,25.25000000,mid 15-30m,0.00000000,2,-2.00000000,75,75,60,80.00000000
000032,7,Van,44.71000000,far >=30m,0.00000000,0,-2.00000000,64,64,6,9.37500000
000032,8,Van,39.04000000,far >=30m,0.00000000,2,-2.00000000,154,154,153,99.35064935
000032,9,Car,44.75000000,far >=30m,0.00000000,0,-2.00000000,39,39,11,28.20512821
000032,0,Car,9.00000000,near <15m,0.00000000,0,-1.00000000,1435,1435,1429,99.58188153
000032,1,Car,8.60000000,near <15m,0.00000000,0,-1.00000000,1352,1352,1321,97.70710059
000032,2,Van,14.34000000,near <15m,0.00000000,1,-1.00000000,803,803,747,93.02615193
000032,3,Car,13.47000000,near <15m,0.00000000,1,-1.00000000,410,410,410,100.00000000
000032,4,Car,19.85000000,mid 15-30m,0.00000000,2,-1.00000000,71,71,70,98.59154930
000032,5,Van,22.71000000,mid 15-30m,0.00000000,2,-1.00000000,584,584,574,98.28767123
000032,6,Car,25.25000000,mid 15-30m,0.00000000,2,-1.00000000,75,75,72,96.00000000
000032,7,Van,44.71000000,far >=30m,0.00000000,0,-1.00000000,64,64,36,56.25000000
000032,8,Van,39.04000000,far >=30m,0.00000000,2,-1.00000000,154,154,154,100.00000000
000032,9,Car,44.75000000,far >=30m,0.00000000,0,-1.00000000,39,39,29,74.35897436
000032,0,Car,9.00000000,near <15m,0.00000000,0,-0.50000000,1435,1435,1435,100.00000000
000032,1,Car,8.60000000,near <15m,0.00000000,0,-0.50000000,1352,1352,1346,99.55621302
000032,2,Van,14.34000000,near <15m,0.00000000,1,-0.50000000,803,803,789,98.25653798
000032,3,Car,13.47000000,near <15m,0.00000000,1,-0.50000000,410,410,410,100.00000000
000032,4,Car,19.85000000,mid 15-30m,0.00000000,2,-0.50000000,71,71,71,100.00000000
000032,5,Van,22.71000000,mid 15-30m,0.00000000,2,-0.50000000,584,584,580,99.31506849
000032,6,Car,25.25000000,mid 15-30m,0.00000000,2,-0.50000000,75,75,75,100.00000000
000032,7,Van,44.71000000,far >=30m,0.00000000,0,-0.50000000,64,64,49,76.56250000
000032,8,Van,39.04000000,far >=30m,0.00000000,2,-0.50000000,154,154,154,100.00000000
000032,9,Car,44.75000000,far >=30m,0.00000000,0,-0.50000000,39,39,37,94.87179487
000032,0,Car,9.00000000,near <15m,0.00000000,0,0.00000000,1435,1435,1435,100.00000000
000032,1,Car,8.60000000,near <15m,0.00000000,0,0.00000000,1352,1352,1350,99.85207101
000032,2,Van,14.34000000,near <15m,0.00000000,1,0.00000000,803,803,803,100.00000000
000032,3,Car,13.47000000,near <15m,0.00000000,1,0.00000000,410,410,410,100.00000000
000032,4,Car,19.85000000,mid 15-30m,0.00000000,2,0.00000000,71,71,71,100.00000000
000032,5,Van,22.71000000,mid 15-30m,0.00000000,2,0.00000000,584,584,584,100.00000000
000032,6,Car,25.25000000,mid 15-30m,0.00000000,2,0.00000000,75,75,75,100.00000000
000032,7,Van,44.71000000,far >=30m,0.00000000,0,0.00000000,64,64,64,100.00000000
000032,8,Van,39.04000000,far >=30m,0.00000000,2,0.00000000,154,154,154,100.00000000
000032,9,Car,44.75000000,far >=30m,0.00000000,0,0.00000000,39,39,39,100.00000000
000032,0,Car,9.00000000,near <15m,0.00000000,0,0.50000000,1435,1435,1435,100.00000000
000032,1,Car,8.60000000,near <15m,0.00000000,0,0.50000000,1352,1352,1352,100.00000000
000032,2,Van,14.34000000,near <15m,0.00000000,1,0.50000000,803,803,803,100.00000000
000032,3,Car,13.47000000,near <15m,0.00000000,1,0.50000000,410,410,410,100.00000000
000032,4,Car,19.85000000,mid 15-30m,0.00000000,2,0.50000000,71,71,59,83.09859155
000032,5,Van,22.71000000,mid 15-30m,0.00000000,2,0.50000000,584,584,584,100.00000000
000032,6,Car,25.25000000,mid 15-30m,0.00000000,2,0.50000000,75,75,75,100.00000000
000032,7,Van,44.71000000,far >=30m,0.00000000,0,0.50000000,64,64,58,90.62500000
000032,8,Van,39.04000000,far >=30m,0.00000000,2,0.50000000,154,154,153,99.35064935
000032,9,Car,44.75000000,far >=30m,0.00000000,0,0.50000000,39,39,34,87.17948718
000032,0,Car,9.00000000,near <15m,0.00000000,0,1.00000000,1435,1435,1435,100.00000000
000032,1,Car,8.60000000,near <15m,0.00000000,0,1.00000000,1352,1352,1334,98.66863905
000032,2,Van,14.34000000,near <15m,0.00000000,1,1.00000000,803,803,803,100.00000000
000032,3,Car,13.47000000,near <15m,0.00000000,1,1.00000000,410,410,395,96.34146341
000032,4,Car,19.85000000,mid 15-30m,0.00000000,2,1.00000000,71,71,46,64.78873239
000032,5,Van,22.71000000,mid 15-30m,0.00000000,2,1.00000000,584,584,584,100.00000000
000032,6,Car,25.25000000,mid 15-30m,0.00000000,2,1.00000000,75,75,73,97.33333333
000032,7,Van,44.71000000,far >=30m,0.00000000,0,1.00000000,64,64,43,67.18750000
000032,8,Van,39.04000000,far >=30m,0.00000000,2,1.00000000,154,154,135,87.66233766
000032,9,Car,44.75000000,far >=30m,0.00000000,0,1.00000000,39,39,25,64.10256410
000032,0,Car,9.00000000,near <15m,0.00000000,0,2.00000000,1435,1435,1420,98.95470383
000032,1,Car,8.60000000,near <15m,0.00000000,0,2.00000000,1352,1352,1274,94.23076923
000032,2,Van,14.34000000,near <15m,0.00000000,1,2.00000000,803,803,788,98.13200498
000032,3,Car,13.47000000,near <15m,0.00000000,1,2.00000000,410,410,352,85.85365854
000032,4,Car,19.85000000,mid 15-30m,0.00000000,2,2.00000000,71,71,18,25.35211268
000032,5,Van,22.71000000,mid 15-30m,0.00000000,2,2.00000000,584,584,584,100.00000000
000032,6,Car,25.25000000,mid 15-30m,0.00000000,2,2.00000000,75,75,56,74.66666667
000032,7,Van,44.71000000,far >=30m,0.00000000,0,2.00000000,64,64,15,23.43750000
000032,8,Van,39.04000000,far >=30m,0.00000000,2,2.00000000,154,154,110,71.42857143
000032,9,Car,44.75000000,far >=30m,0.00000000,0,2.00000000,39,39,8,20.51282051
000032,0,Car,9.00000000,near <15m,0.00000000,0,3.00000000,1435,1435,1362,94.91289199
000032,1,Car,8.60000000,near <15m,0.00000000,0,3.00000000,1352,1352,1214,89.79289941
000032,2,Van,14.34000000,near <15m,0.00000000,1,3.00000000,803,803,754,93.89788294
000032,3,Car,13.47000000,near <15m,0.00000000,1,3.00000000,410,410,298,72.68292683
000032,4,Car,19.85000000,mid 15-30m,0.00000000,2,3.00000000,71,71,8,11.26760563
000032,5,Van,22.71000000,mid 15-30m,0.00000000,2,3.00000000,584,584,584,100.00000000
000032,6,Car,25.25000000,mid 15-30m,0.00000000,2,3.00000000,75,75,42,56.00000000
000032,7,Van,44.71000000,far >=30m,0.00000000,0,3.00000000,64,64,0,0.00000000
000032,8,Van,39.04000000,far >=30m,0.00000000,2,3.00000000,154,154,81,52.59740260
000032,9,Car,44.75000000,far >=30m,0.00000000,0,3.00000000,39,39,0,0.00000000
000043,0,Pedestrian,12.56000000,near <15m,0.00000000,0,-3.00000000,158,158,0,0.00000000
000043,1,Pedestrian,12.34000000,near <15m,0.00000000,0,-3.00000000,183,183,0,0.00000000
000043,2,Pedestrian,20.51000000,mid 15-30m,0.00000000,0,-3.00000000,85,85,0,0.00000000
000043,3,Pedestrian,20.30000000,mid 15-30m,0.00000000,0,-3.00000000,88,88,0,0.00000000
000043,0,Pedestrian,12.56000000,near <15m,0.00000000,0,-2.00000000,158,158,13,8.22784810
000043,1,Pedestrian,12.34000000,near <15m,0.00000000,0,-2.00000000,183,183,22,12.02185792
000043,2,Pedestrian,20.51000000,mid 15-30m,0.00000000,0,-2.00000000,85,85,0,0.00000000
000043,3,Pedestrian,20.30000000,mid 15-30m,0.00000000,0,-2.00000000,88,88,1,1.13636364
000043,0,Pedestrian,12.56000000,near <15m,0.00000000,0,-1.00000000,158,158,98,62.02531646
000043,1,Pedestrian,12.34000000,near <15m,0.00000000,0,-1.00000000,183,183,127,69.39890710
000043,2,Pedestrian,20.51000000,mid 15-30m,0.00000000,0,-1.00000000,85,85,50,58.82352941
000043,3,Pedestrian,20.30000000,mid 15-30m,0.00000000,0,-1.00000000,88,88,62,70.45454545
000043,0,Pedestrian,12.56000000,near <15m,0.00000000,0,-0.50000000,158,158,142,89.87341772
000043,1,Pedestrian,12.34000000,near <15m,0.00000000,0,-0.50000000,183,183,170,92.89617486
000043,2,Pedestrian,20.51000000,mid 15-30m,0.00000000,0,-0.50000000,85,85,78,91.76470588
000043,3,Pedestrian,20.30000000,mid 15-30m,0.00000000,0,-0.50000000,88,88,83,94.31818182
000043,0,Pedestrian,12.56000000,near <15m,0.00000000,0,0.00000000,158,158,150,94.93670886
000043,1,Pedestrian,12.34000000,near <15m,0.00000000,0,0.00000000,183,183,182,99.45355191
000043,2,Pedestrian,20.51000000,mid 15-30m,0.00000000,0,0.00000000,85,85,85,100.00000000
000043,3,Pedestrian,20.30000000,mid 15-30m,0.00000000,0,0.00000000,88,88,86,97.72727273
000043,0,Pedestrian,12.56000000,near <15m,0.00000000,0,0.50000000,158,158,137,86.70886076
000043,1,Pedestrian,12.34000000,near <15m,0.00000000,0,0.50000000,183,183,149,81.42076503
000043,2,Pedestrian,20.51000000,mid 15-30m,0.00000000,0,0.50000000,85,85,67,78.82352941
000043,3,Pedestrian,20.30000000,mid 15-30m,0.00000000,0,0.50000000,88,88,66,75.00000000
000043,0,Pedestrian,12.56000000,near <15m,0.00000000,0,1.00000000,158,158,88,55.69620253
000043,1,Pedestrian,12.34000000,near <15m,0.00000000,0,1.00000000,183,183,104,56.83060109
000043,2,Pedestrian,20.51000000,mid 15-30m,0.00000000,0,1.00000000,85,85,36,42.35294118
000043,3,Pedestrian,20.30000000,mid 15-30m,0.00000000,0,1.00000000,88,88,24,27.27272727
000043,0,Pedestrian,12.56000000,near <15m,0.00000000,0,2.00000000,158,158,10,6.32911392
000043,1,Pedestrian,12.34000000,near <15m,0.00000000,0,2.00000000,183,183,6,3.27868852
000043,2,Pedestrian,20.51000000,mid 15-30m,0.00000000,0,2.00000000,85,85,0,0.00000000
000043,3,Pedestrian,20.30000000,mid 15-30m,0.00000000,0,2.00000000,88,88,1,1.13636364
000043,0,Pedestrian,12.56000000,near <15m,0.00000000,0,3.00000000,158,158,0,0.00000000
000043,1,Pedestrian,12.34000000,near <15m,0.00000000,0,3.00000000,183,183,0,0.00000000
000043,2,Pedestrian,20.51000000,mid 15-30m,0.00000000,0,3.00000000,85,85,0,0.00000000
000043,3,Pedestrian,20.30000000,mid 15-30m,0.00000000,0,3.00000000,88,88,0,0.00000000
000048,0,Pedestrian,16.82000000,mid 15-30m,0.00000000,0,-3.00000000,113,113,0,0.00000000
000048,1,Pedestrian,17.03000000,mid 15-30m,0.00000000,0,-3.00000000,132,132,0,0.00000000
000048,2,Pedestrian,16.26000000,mid 15-30m,0.00000000,0,-3.00000000,116,116,0,0.00000000
000048,3,Cyclist,30.42000000,far >=30m,0.00000000,0,-3.00000000,41,41,0,0.00000000
000048,0,Pedestrian,16.82000000,mid 15-30m,0.00000000,0,-2.00000000,113,113,12,10.61946903
000048,1,Pedestrian,17.03000000,mid 15-30m,0.00000000,0,-2.00000000,132,132,22,16.66666667
000048,2,Pedestrian,16.26000000,mid 15-30m,0.00000000,0,-2.00000000,116,116,27,23.27586207
000048,3,Cyclist,30.42000000,far >=30m,0.00000000,0,-2.00000000,41,41,0,0.00000000
000048,0,Pedestrian,16.82000000,mid 15-30m,0.00000000,0,-1.00000000,113,113,92,81.41592920
000048,1,Pedestrian,17.03000000,mid 15-30m,0.00000000,0,-1.00000000,132,132,101,76.51515152
000048,2,Pedestrian,16.26000000,mid 15-30m,0.00000000,0,-1.00000000,116,116,106,91.37931034
000048,3,Cyclist,30.42000000,far >=30m,0.00000000,0,-1.00000000,41,41,11,26.82926829
000048,0,Pedestrian,16.82000000,mid 15-30m,0.00000000,0,-0.50000000,113,113,102,90.26548673
000048,1,Pedestrian,17.03000000,mid 15-30m,0.00000000,0,-0.50000000,132,132,131,99.24242424
000048,2,Pedestrian,16.26000000,mid 15-30m,0.00000000,0,-0.50000000,116,116,116,100.00000000
000048,3,Cyclist,30.42000000,far >=30m,0.00000000,0,-0.50000000,41,41,31,75.60975610
000048,0,Pedestrian,16.82000000,mid 15-30m,0.00000000,0,0.00000000,113,113,108,95.57522124
000048,1,Pedestrian,17.03000000,mid 15-30m,0.00000000,0,0.00000000,132,132,125,94.69696970
000048,2,Pedestrian,16.26000000,mid 15-30m,0.00000000,0,0.00000000,116,116,96,82.75862069
000048,3,Cyclist,30.42000000,far >=30m,0.00000000,0,0.00000000,41,41,41,100.00000000
000048,0,Pedestrian,16.82000000,mid 15-30m,0.00000000,0,0.50000000,113,113,83,73.45132743
000048,1,Pedestrian,17.03000000,mid 15-30m,0.00000000,0,0.50000000,132,132,105,79.54545455
000048,2,Pedestrian,16.26000000,mid 15-30m,0.00000000,0,0.50000000,116,116,61,52.58620690
000048,3,Cyclist,30.42000000,far >=30m,0.00000000,0,0.50000000,41,41,37,90.24390244
000048,0,Pedestrian,16.82000000,mid 15-30m,0.00000000,0,1.00000000,113,113,36,31.85840708
000048,1,Pedestrian,17.03000000,mid 15-30m,0.00000000,0,1.00000000,132,132,69,52.27272727
000048,2,Pedestrian,16.26000000,mid 15-30m,0.00000000,0,1.00000000,116,116,19,16.37931034
000048,3,Cyclist,30.42000000,far >=30m,0.00000000,0,1.00000000,41,41,18,43.90243902
000048,0,Pedestrian,16.82000000,mid 15-30m,0.00000000,0,2.00000000,113,113,2,1.76991150
000048,1,Pedestrian,17.03000000,mid 15-30m,0.00000000,0,2.00000000,132,132,0,0.00000000
000048,2,Pedestrian,16.26000000,mid 15-30m,0.00000000,0,2.00000000,116,116,0,0.00000000
000048,3,Cyclist,30.42000000,far >=30m,0.00000000,0,2.00000000,41,41,0,0.00000000
000048,0,Pedestrian,16.82000000,mid 15-30m,0.00000000,0,3.00000000,113,113,0,0.00000000
000048,1,Pedestrian,17.03000000,mid 15-30m,0.00000000,0,3.00000000,132,132,0,0.00000000
000048,2,Pedestrian,16.26000000,mid 15-30m,0.00000000,0,3.00000000,116,116,0,0.00000000
000048,3,Cyclist,30.42000000,far >=30m,0.00000000,0,3.00000000,41,41,0,0.00000000
000049,0,Car,21.55000000,mid 15-30m,0.00000000,0,-3.00000000,206,206,81,39.32038835
000049,1,Car,13.75000000,near <15m,0.00000000,0,-3.00000000,930,930,779,83.76344086
000049,2,Car,21.82000000,mid 15-30m,0.00000000,2,-3.00000000,140,140,37,26.42857143
000049,3,Car,24.83000000,mid 15-30m,0.00000000,2,-3.00000000,79,79,12,15.18987342
000049,4,Car,32.49000000,far >=30m,0.00000000,2,-3.00000000,18,18,0,0.00000000
000049,5,Van,45.70000000,far >=30m,0.00000000,3,-3.00000000,79,79,17,21.51898734
000049,6,Pedestrian,4.71000000,near <15m,0.29000000,3,-3.00000000,830,702,563,67.83132530
000049,7,Car,9.53000000,near <15m,0.00000000,1,-3.00000000,571,571,568,99.47460595
000049,8,Car,14.89000000,near <15m,0.00000000,1,-3.00000000,432,432,378,87.50000000
000049,9,Car,20.20000000,mid 15-30m,0.00000000,2,-3.00000000,198,198,179,90.40404040
000049,10,Pedestrian,32.55000000,far >=30m,0.00000000,0,-3.00000000,42,42,0,0.00000000
000049,11,Car,31.83000000,far >=30m,0.00000000,2,-3.00000000,74,74,34,45.94594595
000049,12,Car,12.04000000,near <15m,0.07000000,3,-3.00000000,437,437,394,90.16018307
000049,13,Car,17.23000000,mid 15-30m,0.00000000,1,-3.00000000,312,312,227,72.75641026
000049,16,Van,32.04000000,far >=30m,0.00000000,3,-3.00000000,261,261,194,74.32950192
000049,17,Car,17.43000000,mid 15-30m,0.38000000,3,-3.00000000,56,56,43,76.78571429
000049,0,Car,21.55000000,mid 15-30m,0.00000000,0,-2.00000000,206,206,126,61.16504854
000049,1,Car,13.75000000,near <15m,0.00000000,0,-2.00000000,930,930,853,91.72043011
000049,2,Car,21.82000000,mid 15-30m,0.00000000,2,-2.00000000,140,140,74,52.85714286
000049,3,Car,24.83000000,mid 15-30m,0.00000000,2,-2.00000000,79,79,29,36.70886076
000049,4,Car,32.49000000,far >=30m,0.00000000,2,-2.00000000,18,18,2,11.11111111
000049,5,Van,45.70000000,far >=30m,0.00000000,3,-2.00000000,79,79,28,35.44303797
000049,6,Pedestrian,4.71000000,near <15m,0.29000000,3,-2.00000000,830,707,644,77.59036145
000049,7,Car,9.53000000,near <15m,0.00000000,1,-2.00000000,571,571,569,99.64973730
000049,8,Car,14.89000000,near <15m,0.00000000,1,-2.00000000,432,432,417,96.52777778
000049,9,Car,20.20000000,mid 15-30m,0.00000000,2,-2.00000000,198,198,185,93.43434343
000049,10,Pedestrian,32.55000000,far >=30m,0.00000000,0,-2.00000000,42,42,0,0.00000000
000049,11,Car,31.83000000,far >=30m,0.00000000,2,-2.00000000,74,74,53,71.62162162
000049,12,Car,12.04000000,near <15m,0.07000000,3,-2.00000000,437,437,394,90.16018307
000049,13,Car,17.23000000,mid 15-30m,0.00000000,1,-2.00000000,312,312,273,87.50000000
000049,16,Van,32.04000000,far >=30m,0.00000000,3,-2.00000000,261,261,233,89.27203065
000049,17,Car,17.43000000,mid 15-30m,0.38000000,3,-2.00000000,56,56,51,91.07142857
000049,0,Car,21.55000000,mid 15-30m,0.00000000,0,-1.00000000,206,206,167,81.06796117
000049,1,Car,13.75000000,near <15m,0.00000000,0,-1.00000000,930,930,922,99.13978495
000049,2,Car,21.82000000,mid 15-30m,0.00000000,2,-1.00000000,140,140,118,84.28571429
000049,3,Car,24.83000000,mid 15-30m,0.00000000,2,-1.00000000,79,79,66,83.54430380
000049,4,Car,32.49000000,far >=30m,0.00000000,2,-1.00000000,18,18,11,61.11111111
000049,5,Van,45.70000000,far >=30m,0.00000000,3,-1.00000000,79,79,61,77.21518987
000049,6,Pedestrian,4.71000000,near <15m,0.29000000,3,-1.00000000,830,712,710,85.54216867
000049,7,Car,9.53000000,near <15m,0.00000000,1,-1.00000000,571,571,570,99.82486865
000049,8,Car,14.89000000,near <15m,0.00000000,1,-1.00000000,432,432,432,100.00000000
000049,9,Car,20.20000000,mid 15-30m,0.00000000,2,-1.00000000,198,198,190,95.95959596
000049,10,Pedestrian,32.55000000,far >=30m,0.00000000,0,-1.00000000,42,42,11,26.19047619
000049,11,Car,31.83000000,far >=30m,0.00000000,2,-1.00000000,74,74,74,100.00000000
000049,12,Car,12.04000000,near <15m,0.07000000,3,-1.00000000,437,437,436,99.77116705
000049,13,Car,17.23000000,mid 15-30m,0.00000000,1,-1.00000000,312,312,299,95.83333333
000049,16,Van,32.04000000,far >=30m,0.00000000,3,-1.00000000,261,261,250,95.78544061
000049,17,Car,17.43000000,mid 15-30m,0.38000000,3,-1.00000000,56,52,51,91.07142857
000049,0,Car,21.55000000,mid 15-30m,0.00000000,0,-0.50000000,206,206,190,92.23300971
000049,1,Car,13.75000000,near <15m,0.00000000,0,-0.50000000,930,930,930,100.00000000
000049,2,Car,21.82000000,mid 15-30m,0.00000000,2,-0.50000000,140,140,136,97.14285714
000049,3,Car,24.83000000,mid 15-30m,0.00000000,2,-0.50000000,79,79,79,100.00000000
000049,4,Car,32.49000000,far >=30m,0.00000000,2,-0.50000000,18,18,15,83.33333333
000049,5,Van,45.70000000,far >=30m,0.00000000,3,-0.50000000,79,79,75,94.93670886
000049,6,Pedestrian,4.71000000,near <15m,0.29000000,3,-0.50000000,830,716,703,84.69879518
000049,7,Car,9.53000000,near <15m,0.00000000,1,-0.50000000,571,571,571,100.00000000
000049,8,Car,14.89000000,near <15m,0.00000000,1,-0.50000000,432,432,432,100.00000000
000049,9,Car,20.20000000,mid 15-30m,0.00000000,2,-0.50000000,198,198,196,98.98989899
000049,10,Pedestrian,32.55000000,far >=30m,0.00000000,0,-0.50000000,42,42,31,73.80952381
000049,11,Car,31.83000000,far >=30m,0.00000000,2,-0.50000000,74,74,74,100.00000000
000049,12,Car,12.04000000,near <15m,0.07000000,3,-0.50000000,437,437,437,100.00000000
000049,13,Car,17.23000000,mid 15-30m,0.00000000,1,-0.50000000,312,312,310,99.35897436
000049,16,Van,32.04000000,far >=30m,0.00000000,3,-0.50000000,261,261,261,100.00000000
000049,17,Car,17.43000000,mid 15-30m,0.38000000,3,-0.50000000,56,50,50,89.28571429
000049,0,Car,21.55000000,mid 15-30m,0.00000000,0,0.00000000,206,206,206,100.00000000
000049,1,Car,13.75000000,near <15m,0.00000000,0,0.00000000,930,930,930,100.00000000
000049,2,Car,21.82000000,mid 15-30m,0.00000000,2,0.00000000,140,140,140,100.00000000
000049,3,Car,24.83000000,mid 15-30m,0.00000000,2,0.00000000,79,79,79,100.00000000
000049,4,Car,32.49000000,far >=30m,0.00000000,2,0.00000000,18,18,18,100.00000000
000049,5,Van,45.70000000,far >=30m,0.00000000,3,0.00000000,79,79,79,100.00000000
000049,6,Pedestrian,4.71000000,near <15m,0.29000000,3,0.00000000,830,719,690,83.13253012
000049,7,Car,9.53000000,near <15m,0.00000000,1,0.00000000,571,571,571,100.00000000
000049,8,Car,14.89000000,near <15m,0.00000000,1,0.00000000,432,432,432,100.00000000
000049,9,Car,20.20000000,mid 15-30m,0.00000000,2,0.00000000,198,198,198,100.00000000
000049,10,Pedestrian,32.55000000,far >=30m,0.00000000,0,0.00000000,42,42,37,88.09523810
000049,11,Car,31.83000000,far >=30m,0.00000000,2,0.00000000,74,74,74,100.00000000
000049,12,Car,12.04000000,near <15m,0.07000000,3,0.00000000,437,437,437,100.00000000
000049,13,Car,17.23000000,mid 15-30m,0.00000000,1,0.00000000,312,312,312,100.00000000
000049,16,Van,32.04000000,far >=30m,0.00000000,3,0.00000000,261,261,261,100.00000000
000049,17,Car,17.43000000,mid 15-30m,0.38000000,3,0.00000000,56,49,49,87.50000000
000049,0,Car,21.55000000,mid 15-30m,0.00000000,0,0.50000000,206,206,190,92.23300971
000049,1,Car,13.75000000,near <15m,0.00000000,0,0.50000000,930,930,925,99.46236559
000049,2,Car,21.82000000,mid 15-30m,0.00000000,2,0.50000000,140,140,140,100.00000000
000049,3,Car,24.83000000,mid 15-30m,0.00000000,2,0.50000000,79,79,79,100.00000000
000049,4,Car,32.49000000,far >=30m,0.00000000,2,0.50000000,18,18,18,100.00000000
000049,5,Van,45.70000000,far >=30m,0.00000000,3,0.50000000,79,79,79,100.00000000
000049,6,Pedestrian,4.71000000,near <15m,0.29000000,3,0.50000000,830,722,671,80.84337349
000049,7,Car,9.53000000,near <15m,0.00000000,1,0.50000000,571,571,565,98.94921191
000049,8,Car,14.89000000,near <15m,0.00000000,1,0.50000000,432,432,426,98.61111111
000049,9,Car,20.20000000,mid 15-30m,0.00000000,2,0.50000000,198,198,195,98.48484848
000049,10,Pedestrian,32.55000000,far >=30m,0.00000000,0,0.50000000,42,42,24,57.14285714
000049,11,Car,31.83000000,far >=30m,0.00000000,2,0.50000000,74,74,74,100.00000000
000049,12,Car,12.04000000,near <15m,0.07000000,3,0.50000000,437,437,437,100.00000000
000049,13,Car,17.23000000,mid 15-30m,0.00000000,1,0.50000000,312,312,312,100.00000000
000049,16,Van,32.04000000,far >=30m,0.00000000,3,0.50000000,261,261,250,95.78544061
000049,17,Car,17.43000000,mid 15-30m,0.38000000,3,0.50000000,56,48,48,85.71428571
000049,0,Car,21.55000000,mid 15-30m,0.00000000,0,1.00000000,206,206,165,80.09708738
000049,1,Car,13.75000000,near <15m,0.00000000,0,1.00000000,930,930,903,97.09677419
000049,2,Car,21.82000000,mid 15-30m,0.00000000,2,1.00000000,140,140,140,100.00000000
000049,3,Car,24.83000000,mid 15-30m,0.00000000,2,1.00000000,79,79,79,100.00000000
000049,4,Car,32.49000000,far >=30m,0.00000000,2,1.00000000,18,18,18,100.00000000
000049,5,Van,45.70000000,far >=30m,0.00000000,3,1.00000000,79,79,76,96.20253165
000049,6,Pedestrian,4.71000000,near <15m,0.29000000,3,1.00000000,830,723,649,78.19277108
000049,7,Car,9.53000000,near <15m,0.00000000,1,1.00000000,571,571,543,95.09632224
000049,8,Car,14.89000000,near <15m,0.00000000,1,1.00000000,432,432,406,93.98148148
000049,9,Car,20.20000000,mid 15-30m,0.00000000,2,1.00000000,198,198,167,84.34343434
000049,10,Pedestrian,32.55000000,far >=30m,0.00000000,0,1.00000000,42,42,2,4.76190476
000049,11,Car,31.83000000,far >=30m,0.00000000,2,1.00000000,74,74,74,100.00000000
000049,12,Car,12.04000000,near <15m,0.07000000,3,1.00000000,437,437,437,100.00000000
000049,13,Car,17.23000000,mid 15-30m,0.00000000,1,1.00000000,312,312,312,100.00000000
000049,16,Van,32.04000000,far >=30m,0.00000000,3,1.00000000,261,261,235,90.03831418
000049,17,Car,17.43000000,mid 15-30m,0.38000000,3,1.00000000,56,41,41,73.21428571
000049,0,Car,21.55000000,mid 15-30m,0.00000000,0,2.00000000,206,206,116,56.31067961
000049,1,Car,13.75000000,near <15m,0.00000000,0,2.00000000,930,930,854,91.82795699
000049,2,Car,21.82000000,mid 15-30m,0.00000000,2,2.00000000,140,140,140,100.00000000
000049,3,Car,24.83000000,mid 15-30m,0.00000000,2,2.00000000,79,79,79,100.00000000
000049,4,Car,32.49000000,far >=30m,0.00000000,2,2.00000000,18,18,18,100.00000000
000049,5,Van,45.70000000,far >=30m,0.00000000,3,2.00000000,79,79,69,87.34177215
000049,6,Pedestrian,4.71000000,near <15m,0.29000000,3,2.00000000,830,723,561,67.59036145
000049,7,Car,9.53000000,near <15m,0.00000000,1,2.00000000,571,571,495,86.69001751
000049,8,Car,14.89000000,near <15m,0.00000000,1,2.00000000,432,432,359,83.10185185
000049,9,Car,20.20000000,mid 15-30m,0.00000000,2,2.00000000,198,198,102,51.51515152
000049,10,Pedestrian,32.55000000,far >=30m,0.00000000,0,2.00000000,42,42,0,0.00000000
000049,11,Car,31.83000000,far >=30m,0.00000000,2,2.00000000,74,74,73,98.64864865
000049,12,Car,12.04000000,near <15m,0.07000000,3,2.00000000,437,421,421,96.33867277
000049,13,Car,17.23000000,mid 15-30m,0.00000000,1,2.00000000,312,312,311,99.67948718
000049,16,Van,32.04000000,far >=30m,0.00000000,3,2.00000000,261,261,199,76.24521073
000049,17,Car,17.43000000,mid 15-30m,0.38000000,3,2.00000000,56,20,20,35.71428571
000049,0,Car,21.55000000,mid 15-30m,0.00000000,0,3.00000000,206,206,74,35.92233010
000049,1,Car,13.75000000,near <15m,0.00000000,0,3.00000000,930,930,797,85.69892473
000049,2,Car,21.82000000,mid 15-30m,0.00000000,2,3.00000000,140,140,138,98.57142857
000049,3,Car,24.83000000,mid 15-30m,0.00000000,2,3.00000000,79,79,76,96.20253165
000049,4,Car,32.49000000,far >=30m,0.00000000,2,3.00000000,18,18,18,100.00000000
000049,5,Van,45.70000000,far >=30m,0.00000000,3,3.00000000,79,79,59,74.68354430
000049,6,Pedestrian,4.71000000,near <15m,0.29000000,3,3.00000000,830,723,436,52.53012048
000049,7,Car,9.53000000,near <15m,0.00000000,1,3.00000000,571,571,464,81.26094571
000049,8,Car,14.89000000,near <15m,0.00000000,1,3.00000000,432,432,298,68.98148148
000049,9,Car,20.20000000,mid 15-30m,0.00000000,2,3.00000000,198,198,38,19.19191919
000049,10,Pedestrian,32.55000000,far >=30m,0.00000000,0,3.00000000,42,42,0,0.00000000
000049,11,Car,31.83000000,far >=30m,0.00000000,2,3.00000000,74,74,62,83.78378378
000049,12,Car,12.04000000,near <15m,0.07000000,3,3.00000000,437,385,385,88.10068650
000049,13,Car,17.23000000,mid 15-30m,0.00000000,1,3.00000000,312,312,292,93.58974359
000049,16,Van,32.04000000,far >=30m,0.00000000,3,3.00000000,261,261,168,64.36781609
000049,17,Car,17.43000000,mid 15-30m,0.38000000,3,3.00000000,56,10,10,17.85714286
000061,0,Van,15.23000000,mid 15-30m,0.05000000,3,-3.00000000,989,650,649,65.62184024
000061,1,Car,10.93000000,near <15m,0.79000000,3,-3.00000000,441,314,127,28.79818594
000061,3,Car,16.63000000,mid 15-30m,0.14000000,1,-3.00000000,145,145,10,6.89655172
000061,5,Van,40.44000000,far >=30m,0.00000000,3,-3.00000000,14,14,0,0.00000000
000061,0,Van,15.23000000,mid 15-30m,0.05000000,3,-2.00000000,989,769,761,76.94641052
000061,1,Car,10.93000000,near <15m,0.79000000,3,-2.00000000,441,248,134,30.38548753
000061,3,Car,16.63000000,mid 15-30m,0.14000000,1,-2.00000000,145,145,55,37.93103448
000061,5,Van,40.44000000,far >=30m,0.00000000,3,-2.00000000,14,14,4,28.57142857
000061,0,Van,15.23000000,mid 15-30m,0.05000000,3,-1.00000000,989,896,892,90.19211325
000061,1,Car,10.93000000,near <15m,0.79000000,3,-1.00000000,441,184,144,32.65306122
000061,3,Car,16.63000000,mid 15-30m,0.14000000,1,-1.00000000,145,145,117,80.68965517
000061,5,Van,40.44000000,far >=30m,0.00000000,3,-1.00000000,14,14,8,57.14285714
000061,0,Van,15.23000000,mid 15-30m,0.05000000,3,-0.50000000,989,954,950,96.05662285
000061,1,Car,10.93000000,near <15m,0.79000000,3,-0.50000000,441,149,143,32.42630385
000061,3,Car,16.63000000,mid 15-30m,0.14000000,1,-0.50000000,145,145,145,100.00000000
000061,5,Van,40.44000000,far >=30m,0.00000000,3,-0.50000000,14,14,11,78.57142857
000061,0,Van,15.23000000,mid 15-30m,0.05000000,3,0.00000000,989,989,989,100.00000000
000061,1,Car,10.93000000,near <15m,0.79000000,3,0.00000000,441,108,108,24.48979592
000061,3,Car,16.63000000,mid 15-30m,0.14000000,1,0.00000000,145,145,145,100.00000000
000061,5,Van,40.44000000,far >=30m,0.00000000,3,0.00000000,14,14,14,100.00000000
000061,0,Van,15.23000000,mid 15-30m,0.05000000,3,0.50000000,989,989,987,99.79777553
000061,1,Car,10.93000000,near <15m,0.79000000,3,0.50000000,441,73,73,16.55328798
000061,3,Car,16.63000000,mid 15-30m,0.14000000,1,0.50000000,145,145,145,100.00000000
000061,5,Van,40.44000000,far >=30m,0.00000000,3,0.50000000,14,14,11,78.57142857
000061,0,Van,15.23000000,mid 15-30m,0.05000000,3,1.00000000,989,989,959,96.96663296
000061,1,Car,10.93000000,near <15m,0.79000000,3,1.00000000,441,34,34,7.70975057
000061,3,Car,16.63000000,mid 15-30m,0.14000000,1,1.00000000,145,144,144,99.31034483
000061,5,Van,40.44000000,far >=30m,0.00000000,3,1.00000000,14,14,9,64.28571429
000061,0,Van,15.23000000,mid 15-30m,0.05000000,3,2.00000000,989,989,855,86.45096057
000061,1,Car,10.93000000,near <15m,0.79000000,3,2.00000000,441,0,0,0.00000000
000061,3,Car,16.63000000,mid 15-30m,0.14000000,1,2.00000000,145,121,121,83.44827586
000061,5,Van,40.44000000,far >=30m,0.00000000,3,2.00000000,14,14,5,35.71428571
000061,0,Van,15.23000000,mid 15-30m,0.05000000,3,3.00000000,989,989,739,74.72194135
000061,1,Car,10.93000000,near <15m,0.79000000,3,3.00000000,441,0,0,0.00000000
000061,3,Car,16.63000000,mid 15-30m,0.14000000,1,3.00000000,145,65,65,44.82758621
000061,5,Van,40.44000000,far >=30m,0.00000000,3,3.00000000,14,14,0,0.00000000
