yaw_deg,range_bin,n_objects,hit_macro_pct
-3.00000000,far >=30m,34,11.32812190
-3.00000000,mid 15-30m,39,37.04191851
-3.00000000,near <15m,33,57.35780162
-2.00000000,far >=30m,34,27.81128796
-2.00000000,mid 15-30m,39,52.81798944
-2.00000000,near <15m,33,65.99207648
-1.00000000,far >=30m,34,60.68166994
-1.00000000,mid 15-30m,39,81.03720182
-1.00000000,near <15m,33,76.01916671
-0.50000000,far >=30m,34,84.73430865
-0.50000000,mid 15-30m,39,94.69033068
-0.50000000,near <15m,33,78.91242663
0.00000000,far >=30m,34,99.64985994
0.00000000,mid 15-30m,39,98.24704379
0.00000000,near <15m,33,79.59552423
0.50000000,far >=30m,34,83.54680134
0.50000000,mid 15-30m,39,88.05080508
0.50000000,near <15m,33,77.87787788
1.00000000,far >=30m,34,60.46902992
1.00000000,mid 15-30m,39,70.79519456
1.00000000,near <15m,33,74.13865331
2.00000000,far >=30m,34,28.93830938
2.00000000,mid 15-30m,39,50.45815364
2.00000000,near <15m,33,63.17221687
3.00000000,far >=30m,34,13.83587137
3.00000000,mid 15-30m,39,37.62458485
3.00000000,near <15m,33,55.64207017
