translation_y_cm,frame_id,object_id,class_name,depth_m,range_bin,truncated,occluded,yaw_deg,n_points,n_visible,n_hit,hit_pct
-10,000001,0,Truck,69.44000000,far >=30m,0.00000000,0,0,70,70,69,98.57142857
-10,000001,2,Cyclist,45.84000000,far >=30m,0.00000000,3,0,18,18,18,100.00000000
-10,000004,0,Car,38.26000000,far >=30m,0.00000000,0,0,77,77,77,100.00000000
-10,000004,1,Car,51.17000000,far >=30m,0.00000000,0,0,26,26,26,100.00000000
-10,000007,0,Car,25.01000000,mid 15-30m,0.00000000,0,0,191,191,189,98.95287958
-10,000007,1,Car,47.55000000,far >=30m,0.00000000,0,0,19,19,19,100.00000000
-10,000007,3,Cyclist,34.09000000,far >=30m,0.00000000,0,0,25,25,25,100.00000000
-10,000008,0,Car,3.68000000,near <15m,0.88000000,3,0,6237,1496,1479,23.71332371
-10,000008,1,Car,7.86000000,near <15m,0.00000000,1,0,1940,1940,1939,99.94845361
-10,000008,2,Car,6.15000000,near <15m,0.34000000,3,0,1041,849,839,80.59558117
-10,000008,3,Car,14.44000000,near <15m,0.00000000,1,0,668,668,663,99.25149701
-10,000008,4,Car,33.20000000,far >=30m,0.00000000,0,0,53,53,53,100.00000000
-10,000008,5,Car,19.96000000,mid 15-30m,0.00000000,0,0,164,164,164,100.00000000
-10,000009,0,Car,23.88000000,mid 15-30m,0.00000000,0,0,219,219,214,97.71689498
-10,000010,0,Car,5.20000000,near <15m,0.80000000,0,0,1645,258,255,15.50151976
-10,000010,1,Car,11.80000000,near <15m,0.00000000,0,0,1016,1016,1016,100.00000000
-10,000010,2,Pedestrian,23.51000000,mid 15-30m,0.00000000,2,0,23,23,22,95.65217391
-10,000010,3,Car,16.50000000,mid 15-30m,0.00000000,0,0,340,340,340,100.00000000
-10,000010,4,Car,22.05000000,mid 15-30m,0.00000000,2,0,48,48,48,100.00000000
-10,000010,5,Car,23.64000000,mid 15-30m,0.00000000,0,0,246,246,245,99.59349593
-10,000010,6,Car,29.07000000,mid 15-30m,0.00000000,2,0,55,55,55,100.00000000
-10,000010,7,Car,28.53000000,mid 15-30m,0.00000000,1,0,33,33,33,100.00000000
-10,000010,8,Car,42.85000000,far >=30m,0.00000000,1,0,20,20,20,100.00000000
-10,000011,0,Pedestrian,12.42000000,near <15m,0.00000000,1,0,151,151,145,96.02649007
-10,000011,1,Pedestrian,13.43000000,near <15m,0.00000000,2,0,35,35,33,94.28571429
-10,000011,2,Car,26.64000000,mid 15-30m,0.00000000,0,0,208,208,205,98.55769231
-10,000011,3,Pedestrian,34.08000000,far >=30m,0.00000000,0,0,40,40,38,95.00000000
-10,000011,4,Car,4.13000000,near <15m,0.98000000,0,0,3251,253,251,7.72070132
-10,000011,5,Pedestrian,15.95000000,mid 15-30m,0.00000000,0,0,81,81,76,93.82716049
-10,000012,0,Car,58.84000000,far >=30m,0.00000000,0,0,13,13,13,100.00000000
-10,000012,1,Van,65.02000000,far >=30m,0.00000000,0,0,39,39,39,100.00000000
-10,000015,0,Car,4.10000000,near <15m,0.89000000,0,0,5857,1675,1661,28.35922827
-10,000015,1,Pedestrian,7.59000000,near <15m,0.00000000,1,0,386,386,369,95.59585492
-10,000015,2,Pedestrian,24.14000000,mid 15-30m,0.00000000,0,0,55,55,54,98.18181818
-10,000015,3,Pedestrian,24.22000000,mid 15-30m,0.00000000,0,0,70,70,68,97.14285714
-10,000015,4,Pedestrian,23.30000000,mid 15-30m,0.00000000,0,0,66,66,66,100.00000000
-10,000016,0,Car,44.41000000,far >=30m,0.00000000,2,0,24,24,24,100.00000000
-10,000016,1,Truck,26.41000000,mid 15-30m,0.00000000,2,0,1973,1973,1973,100.00000000
-10,000016,2,Car,33.13000000,far >=30m,0.00000000,0,0,51,51,51,100.00000000
-10,000016,3,Car,6.05000000,near <15m,0.50000000,0,0,2051,1809,1803,87.90833740
-10,000016,4,Car,46.74000000,far >=30m,0.00000000,0,0,10,10,10,100.00000000
-10,000019,0,Truck,5.46000000,near <15m,0.74000000,1,0,7634,5020,5007,65.58815824
-10,000019,1,Car,9.72000000,near <15m,0.00000000,0,0,1236,1236,1236,100.00000000
-10,000019,2,Van,35.34000000,far >=30m,0.00000000,0,0,106,106,106,100.00000000
-10,000019,3,Car,59.59000000,far >=30m,0.00000000,0,0,19,19,19,100.00000000
-10,000021,0,Cyclist,3.14000000,near <15m,0.89000000,0,0,1484,102,98,6.60377358
-10,000021,1,Car,13.30000000,near <15m,0.00000000,0,0,850,850,849,99.88235294
-10,000021,2,Car,17.60000000,mid 15-30m,0.00000000,1,0,238,238,238,100.00000000
-10,000021,3,Van,21.30000000,mid 15-30m,0.00000000,1,0,964,964,964,100.00000000
-10,000021,4,Car,25.97000000,mid 15-30m,0.00000000,0,0,176,176,175,99.43181818
-10,000021,5,Car,26.83000000,mid 15-30m,0.00000000,1,0,113,113,110,97.34513274
-10,000021,6,Car,32.13000000,far >=30m,0.00000000,2,0,50,50,49,98.00000000
-10,000021,7,Car,31.78000000,far >=30m,0.00000000,2,0,28,28,28,100.00000000
-10,000023,0,Truck,69.29000000,far >=30m,0.00000000,0,0,74,74,74,100.00000000
-10,000023,1,Car,55.08000000,far >=30m,0.00000000,0,0,13,13,13,100.00000000
-10,000023,2,Cyclist,44.76000000,far >=30m,0.00000000,3,0,20,20,19,95.00000000
-10,000025,0,Car,3.14000000,near <15m,0.94000000,3,0,1319,128,126,9.55269143
-10,000025,1,Car,10.42000000,near <15m,0.00000000,0,0,1121,1121,1121,100.00000000
-10,000025,2,Car,30.18000000,far >=30m,0.00000000,0,0,61,61,61,100.00000000
-10,000025,3,Car,17.48000000,mid 15-30m,0.00000000,0,0,316,316,316,100.00000000
-10,000025,4,Cyclist,44.63000000,far >=30m,0.00000000,3,0,21,21,20,95.23809524
-10,000025,5,Car,22.30000000,mid 15-30m,0.00000000,1,0,27,27,27,100.00000000
-10,000031,0,Car,12.20000000,near <15m,0.00000000,0,0,1028,1028,1027,99.90272374
-10,000031,1,Car,8.46000000,near <15m,0.00000000,0,0,1028,1028,1028,100.00000000
-10,000031,2,Car,13.14000000,near <15m,0.00000000,1,0,517,517,517,100.00000000
-10,000031,3,Truck,22.27000000,mid 15-30m,0.00000000,2,0,328,328,326,99.39024390
-10,000031,4,Car,26.41000000,mid 15-30m,0.00000000,0,0,141,141,140,99.29078014
-10,000031,5,Van,51.90000000,far >=30m,0.00000000,0,0,32,32,31,96.87500000
-10,000032,0,Car,9.00000000,near <15m,0.00000000,0,0,1435,1435,1435,100.00000000
-10,000032,1,Car,8.60000000,near <15m,0.00000000,0,0,1352,1352,1347,99.63017751
-10,000032,2,Van,14.34000000,near <15m,0.00000000,1,0,803,803,798,99.37733499
-10,000032,3,Car,13.47000000,near <15m,0.00000000,1,0,410,410,410,100.00000000
-10,000032,4,Car,19.85000000,mid 15-30m,0.00000000,2,0,71,71,71,100.00000000
-10,000032,5,Van,22.71000000,mid 15-30m,0.00000000,2,0,584,584,584,100.00000000
-10,000032,6,Car,25.25000000,mid 15-30m,0.00000000,2,0,75,75,75,100.00000000
-10,000032,7,Van,44.71000000,far >=30m,0.00000000,0,0,64,64,63,98.43750000
-10,000032,8,Van,39.04000000,far >=30m,0.00000000,2,0,154,154,154,100.00000000
-10,000032,9,Car,44.75000000,far >=30m,0.00000000,0,0,39,39,38,97.43589744
-10,000043,0,Pedestrian,12.56000000,near <15m,0.00000000,0,0,158,158,143,90.50632911
-10,000043,1,Pedestrian,12.34000000,near <15m,0.00000000,0,0,183,183,175,95.62841530
-10,000043,2,Pedestrian,20.51000000,mid 15-30m,0.00000000,0,0,85,85,84,98.82352941
-10,000043,3,Pedestrian,20.30000000,mid 15-30m,0.00000000,0,0,88,88,86,97.72727273
-10,000048,0,Pedestrian,16.82000000,mid 15-30m,0.00000000,0,0,113,113,107,94.69026549
-10,000048,1,Pedestrian,17.03000000,mid 15-30m,0.00000000,0,0,132,132,128,96.96969697
-10,000048,2,Pedestrian,16.26000000,mid 15-30m,0.00000000,0,0,116,116,109,93.96551724
-10,000048,3,Cyclist,30.42000000,far >=30m,0.00000000,0,0,41,41,41,100.00000000
-10,000049,0,Car,21.55000000,mid 15-30m,0.00000000,0,0,206,206,199,96.60194175
-10,000049,1,Car,13.75000000,near <15m,0.00000000,0,0,930,930,930,100.00000000
-10,000049,2,Car,21.82000000,mid 15-30m,0.00000000,2,0,140,140,140,100.00000000
-10,000049,3,Car,24.83000000,mid 15-30m,0.00000000,2,0,79,79,79,100.00000000
-10,000049,4,Car,32.49000000,far >=30m,0.00000000,2,0,18,18,17,94.44444444
-10,000049,5,Van,45.70000000,far >=30m,0.00000000,3,0,79,79,79,100.00000000
-10,000049,6,Pedestrian,4.71000000,near <15m,0.29000000,3,0,830,720,713,85.90361446
-10,000049,7,Car,9.53000000,near <15m,0.00000000,1,0,571,571,571,100.00000000
-10,000049,8,Car,14.89000000,near <15m,0.00000000,1,0,432,432,432,100.00000000
-10,000049,9,Car,20.20000000,mid 15-30m,0.00000000,2,0,198,198,198,100.00000000
-10,000049,10,Pedestrian,32.55000000,far >=30m,0.00000000,0,0,42,42,42,100.00000000
-10,000049,11,Car,31.83000000,far >=30m,0.00000000,2,0,74,74,74,100.00000000
-10,000049,12,Car,12.04000000,near <15m,0.07000000,3,0,437,437,437,100.00000000
-10,000049,13,Car,17.23000000,mid 15-30m,0.00000000,1,0,312,312,312,100.00000000
-10,000049,16,Van,32.04000000,far >=30m,0.00000000,3,0,261,261,261,100.00000000
-10,000049,17,Car,17.43000000,mid 15-30m,0.38000000,3,0,56,49,49,87.50000000
-10,000061,0,Van,15.23000000,mid 15-30m,0.05000000,3,0,989,976,973,98.38220425
-10,000061,1,Car,10.93000000,near <15m,0.79000000,3,0,441,134,133,30.15873016
-10,000061,3,Car,16.63000000,mid 15-30m,0.14000000,1,0,145,145,145,100.00000000
-10,000061,5,Van,40.44000000,far >=30m,0.00000000,3,0,14,14,13,92.85714286
-5,000001,0,Truck,69.44000000,far >=30m,0.00000000,0,0,70,70,69,98.57142857
-5,000001,2,Cyclist,45.84000000,far >=30m,0.00000000,3,0,18,18,18,100.00000000
-5,000004,0,Car,38.26000000,far >=30m,0.00000000,0,0,77,77,77,100.00000000
-5,000004,1,Car,51.17000000,far >=30m,0.00000000,0,0,26,26,26,100.00000000
-5,000007,0,Car,25.01000000,mid 15-30m,0.00000000,0,0,191,191,190,99.47643979
-5,000007,1,Car,47.55000000,far >=30m,0.00000000,0,0,19,19,19,100.00000000
-5,000007,3,Cyclist,34.09000000,far >=30m,0.00000000,0,0,25,25,25,100.00000000
-5,000008,0,Car,3.68000000,near <15m,0.88000000,3,0,6237,1459,1447,23.20025653
-5,000008,1,Car,7.86000000,near <15m,0.00000000,1,0,1940,1940,1940,100.00000000
-5,000008,2,Car,6.15000000,near <15m,0.34000000,3,0,1041,864,856,82.22862632
-5,000008,3,Car,14.44000000,near <15m,0.00000000,1,0,668,668,668,100.00000000
-5,000008,4,Car,33.20000000,far >=30m,0.00000000,0,0,53,53,53,100.00000000
-5,000008,5,Car,19.96000000,mid 15-30m,0.00000000,0,0,164,164,164,100.00000000
-5,000009,0,Car,23.88000000,mid 15-30m,0.00000000,0,0,219,219,218,99.54337900
-5,000010,0,Car,5.20000000,near <15m,0.80000000,0,0,1645,271,265,16.10942249
-5,000010,1,Car,11.80000000,near <15m,0.00000000,0,0,1016,1016,1016,100.00000000
-5,000010,2,Pedestrian,23.51000000,mid 15-30m,0.00000000,2,0,23,23,23,100.00000000
-5,000010,3,Car,16.50000000,mid 15-30m,0.00000000,0,0,340,340,340,100.00000000
-5,000010,4,Car,22.05000000,mid 15-30m,0.00000000,2,0,48,48,48,100.00000000
-5,000010,5,Car,23.64000000,mid 15-30m,0.00000000,0,0,246,246,246,100.00000000
-5,000010,6,Car,29.07000000,mid 15-30m,0.00000000,2,0,55,55,55,100.00000000
-5,000010,7,Car,28.53000000,mid 15-30m,0.00000000,1,0,33,33,33,100.00000000
-5,000010,8,Car,42.85000000,far >=30m,0.00000000,1,0,20,20,20,100.00000000
-5,000011,0,Pedestrian,12.42000000,near <15m,0.00000000,1,0,151,151,149,98.67549669
-5,000011,1,Pedestrian,13.43000000,near <15m,0.00000000,2,0,35,35,34,97.14285714
-5,000011,2,Car,26.64000000,mid 15-30m,0.00000000,0,0,208,208,208,100.00000000
-5,000011,3,Pedestrian,34.08000000,far >=30m,0.00000000,0,0,40,40,39,97.50000000
-5,000011,4,Car,4.13000000,near <15m,0.98000000,0,0,3251,232,230,7.07474623
-5,000011,5,Pedestrian,15.95000000,mid 15-30m,0.00000000,0,0,81,81,80,98.76543210
-5,000012,0,Car,58.84000000,far >=30m,0.00000000,0,0,13,13,13,100.00000000
-5,000012,1,Van,65.02000000,far >=30m,0.00000000,0,0,39,39,39,100.00000000
-5,000015,0,Car,4.10000000,near <15m,0.89000000,0,0,5857,1662,1650,28.17141882
-5,000015,1,Pedestrian,7.59000000,near <15m,0.00000000,1,0,386,386,373,96.63212435
-5,000015,2,Pedestrian,24.14000000,mid 15-30m,0.00000000,0,0,55,55,51,92.72727273
-5,000015,3,Pedestrian,24.22000000,mid 15-30m,0.00000000,0,0,70,70,63,90.00000000
-5,000015,4,Pedestrian,23.30000000,mid 15-30m,0.00000000,0,0,66,66,66,100.00000000
-5,000016,0,Car,44.41000000,far >=30m,0.00000000,2,0,24,24,24,100.00000000
-5,000016,1,Truck,26.41000000,mid 15-30m,0.00000000,2,0,1973,1973,1973,100.00000000
-5,000016,2,Car,33.13000000,far >=30m,0.00000000,0,0,51,51,51,100.00000000
-5,000016,3,Car,6.05000000,near <15m,0.50000000,0,0,2051,1789,1783,86.93320332
-5,000016,4,Car,46.74000000,far >=30m,0.00000000,0,0,10,10,10,100.00000000
-5,000019,0,Truck,5.46000000,near <15m,0.74000000,1,0,7634,4947,4940,64.71050563
-5,000019,1,Car,9.72000000,near <15m,0.00000000,0,0,1236,1236,1236,100.00000000
-5,000019,2,Van,35.34000000,far >=30m,0.00000000,0,0,106,106,106,100.00000000
-5,000019,3,Car,59.59000000,far >=30m,0.00000000,0,0,19,19,19,100.00000000
-5,000021,0,Cyclist,3.14000000,near <15m,0.89000000,0,0,1484,139,131,8.82749326
-5,000021,1,Car,13.30000000,near <15m,0.00000000,0,0,850,850,850,100.00000000
-5,000021,2,Car,17.60000000,mid 15-30m,0.00000000,1,0,238,238,238,100.00000000
-5,000021,3,Van,21.30000000,mid 15-30m,0.00000000,1,0,964,964,964,100.00000000
-5,000021,4,Car,25.97000000,mid 15-30m,0.00000000,0,0,176,176,176,100.00000000
-5,000021,5,Car,26.83000000,mid 15-30m,0.00000000,1,0,113,113,113,100.00000000
-5,000021,6,Car,32.13000000,far >=30m,0.00000000,2,0,50,50,50,100.00000000
-5,000021,7,Car,31.78000000,far >=30m,0.00000000,2,0,28,28,28,100.00000000
-5,000023,0,Truck,69.29000000,far >=30m,0.00000000,0,0,74,74,74,100.00000000
-5,000023,1,Car,55.08000000,far >=30m,0.00000000,0,0,13,13,13,100.00000000
-5,000023,2,Cyclist,44.76000000,far >=30m,0.00000000,3,0,20,20,20,100.00000000
-5,000025,0,Car,3.14000000,near <15m,0.94000000,3,0,1319,132,130,9.85595148
-5,000025,1,Car,10.42000000,near <15m,0.00000000,0,0,1121,1121,1121,100.00000000
-5,000025,2,Car,30.18000000,far >=30m,0.00000000,0,0,61,61,61,100.00000000
-5,000025,3,Car,17.48000000,mid 15-30m,0.00000000,0,0,316,316,316,100.00000000
-5,000025,4,Cyclist,44.63000000,far >=30m,0.00000000,3,0,21,21,21,100.00000000
-5,000025,5,Car,22.30000000,mid 15-30m,0.00000000,1,0,27,27,27,100.00000000
-5,000031,0,Car,12.20000000,near <15m,0.00000000,0,0,1028,1028,1028,100.00000000
-5,000031,1,Car,8.46000000,near <15m,0.00000000,0,0,1028,1028,1028,100.00000000
-5,000031,2,Car,13.14000000,near <15m,0.00000000,1,0,517,517,517,100.00000000
-5,000031,3,Truck,22.27000000,mid 15-30m,0.00000000,2,0,328,328,327,99.69512195
-5,000031,4,Car,26.41000000,mid 15-30m,0.00000000,0,0,141,141,141,100.00000000
-5,000031,5,Van,51.90000000,far >=30m,0.00000000,0,0,32,32,32,100.00000000
-5,000032,0,Car,9.00000000,near <15m,0.00000000,0,0,1435,1435,1435,100.00000000
-5,000032,1,Car,8.60000000,near <15m,0.00000000,0,0,1352,1352,1351,99.92603550
-5,000032,2,Van,14.34000000,near <15m,0.00000000,1,0,803,803,803,100.00000000
-5,000032,3,Car,13.47000000,near <15m,0.00000000,1,0,410,410,410,100.00000000
-5,000032,4,Car,19.85000000,mid 15-30m,0.00000000,2,0,71,71,71,100.00000000
-5,000032,5,Van,22.71000000,mid 15-30m,0.00000000,2,0,584,584,584,100.00000000
-5,000032,6,Car,25.25000000,mid 15-30m,0.00000000,2,0,75,75,75,100.00000000
-5,000032,7,Van,44.71000000,far >=30m,0.00000000,0,0,64,64,64,100.00000000
-5,000032,8,Van,39.04000000,far >=30m,0.00000000,2,0,154,154,154,100.00000000
-5,000032,9,Car,44.75000000,far >=30m,0.00000000,0,0,39,39,39,100.00000000
-5,000043,0,Pedestrian,12.56000000,near <15m,0.00000000,0,0,158,158,150,94.93670886
-5,000043,1,Pedestrian,12.34000000,near <15m,0.00000000,0,0,183,183,183,100.00000000
-5,000043,2,Pedestrian,20.51000000,mid 15-30m,0.00000000,0,0,85,85,85,100.00000000
-5,000043,3,Pedestrian,20.30000000,mid 15-30m,0.00000000,0,0,88,88,87,98.86363636
-5,000048,0,Pedestrian,16.82000000,mid 15-30m,0.00000000,0,0,113,113,111,98.23008850
-5,000048,1,Pedestrian,17.03000000,mid 15-30m,0.00000000,0,0,132,132,126,95.45454545
-5,000048,2,Pedestrian,16.26000000,mid 15-30m,0.00000000,0,0,116,116,103,88.79310345
-5,000048,3,Cyclist,30.42000000,far >=30m,0.00000000,0,0,41,41,41,100.00000000
-5,000049,0,Car,21.55000000,mid 15-30m,0.00000000,0,0,206,206,206,100.00000000
-5,000049,1,Car,13.75000000,near <15m,0.00000000,0,0,930,930,930,100.00000000
-5,000049,2,Car,21.82000000,mid 15-30m,0.00000000,2,0,140,140,140,100.00000000
-5,000049,3,Car,24.83000000,mid 15-30m,0.00000000,2,0,79,79,79,100.00000000
-5,000049,4,Car,32.49000000,far >=30m,0.00000000,2,0,18,18,18,100.00000000
-5,000049,5,Van,45.70000000,far >=30m,0.00000000,3,0,79,79,79,100.00000000
-5,000049,6,Pedestrian,4.71000000,near <15m,0.29000000,3,0,830,719,705,84.93975904
-5,000049,7,Car,9.53000000,near <15m,0.00000000,1,0,571,571,571,100.00000000
-5,000049,8,Car,14.89000000,near <15m,0.00000000,1,0,432,432,432,100.00000000
-5,000049,9,Car,20.20000000,mid 15-30m,0.00000000,2,0,198,198,198,100.00000000
-5,000049,10,Pedestrian,32.55000000,far >=30m,0.00000000,0,0,42,42,40,95.23809524
-5,000049,11,Car,31.83000000,far >=30m,0.00000000,2,0,74,74,74,100.00000000
-5,000049,12,Car,12.04000000,near <15m,0.07000000,3,0,437,437,437,100.00000000
-5,000049,13,Car,17.23000000,mid 15-30m,0.00000000,1,0,312,312,312,100.00000000
-5,000049,16,Van,32.04000000,far >=30m,0.00000000,3,0,261,261,261,100.00000000
-5,000049,17,Car,17.43000000,mid 15-30m,0.38000000,3,0,56,49,49,87.50000000
-5,000061,0,Van,15.23000000,mid 15-30m,0.05000000,3,0,989,987,981,99.19110212
-5,000061,1,Car,10.93000000,near <15m,0.79000000,3,0,441,121,121,27.43764172
-5,000061,3,Car,16.63000000,mid 15-30m,0.14000000,1,0,145,145,145,100.00000000
-5,000061,5,Van,40.44000000,far >=30m,0.00000000,3,0,14,14,13,92.85714286
-2,000001,0,Truck,69.44000000,far >=30m,0.00000000,0,0,70,70,70,100.00000000
-2,000001,2,Cyclist,45.84000000,far >=30m,0.00000000,3,0,18,18,18,100.00000000
-2,000004,0,Car,38.26000000,far >=30m,0.00000000,0,0,77,77,77,100.00000000
-2,000004,1,Car,51.17000000,far >=30m,0.00000000,0,0,26,26,26,100.00000000
-2,000007,0,Car,25.01000000,mid 15-30m,0.00000000,0,0,191,191,191,100.00000000
-2,000007,1,Car,47.55000000,far >=30m,0.00000000,0,0,19,19,19,100.00000000
-2,000007,3,Cyclist,34.09000000,far >=30m,0.00000000,0,0,25,25,25,100.00000000
-2,000008,0,Car,3.68000000,near <15m,0.88000000,3,0,6237,1440,1427,22.87958955
-2,000008,1,Car,7.86000000,near <15m,0.00000000,1,0,1940,1940,1940,100.00000000
-2,000008,2,Car,6.15000000,near <15m,0.34000000,3,0,1041,872,865,83.09317963
-2,000008,3,Car,14.44000000,near <15m,0.00000000,1,0,668,668,668,100.00000000
-2,000008,4,Car,33.20000000,far >=30m,0.00000000,0,0,53,53,53,100.00000000
-2,000008,5,Car,19.96000000,mid 15-30m,0.00000000,0,0,164,164,164,100.00000000
-2,000009,0,Car,23.88000000,mid 15-30m,0.00000000,0,0,219,219,219,100.00000000
-2,000010,0,Car,5.20000000,near <15m,0.80000000,0,0,1645,278,274,16.65653495
-2,000010,1,Car,11.80000000,near <15m,0.00000000,0,0,1016,1016,1016,100.00000000
-2,000010,2,Pedestrian,23.51000000,mid 15-30m,0.00000000,2,0,23,23,23,100.00000000
-2,000010,3,Car,16.50000000,mid 15-30m,0.00000000,0,0,340,340,340,100.00000000
-2,000010,4,Car,22.05000000,mid 15-30m,0.00000000,2,0,48,48,48,100.00000000
-2,000010,5,Car,23.64000000,mid 15-30m,0.00000000,0,0,246,246,246,100.00000000
-2,000010,6,Car,29.07000000,mid 15-30m,0.00000000,2,0,55,55,55,100.00000000
-2,000010,7,Car,28.53000000,mid 15-30m,0.00000000,1,0,33,33,33,100.00000000
-2,000010,8,Car,42.85000000,far >=30m,0.00000000,1,0,20,20,20,100.00000000
-2,000011,0,Pedestrian,12.42000000,near <15m,0.00000000,1,0,151,151,150,99.33774834
-2,000011,1,Pedestrian,13.43000000,near <15m,0.00000000,2,0,35,35,35,100.00000000
-2,000011,2,Car,26.64000000,mid 15-30m,0.00000000,0,0,208,208,208,100.00000000
-2,000011,3,Pedestrian,34.08000000,far >=30m,0.00000000,0,0,40,40,39,97.50000000
-2,000011,4,Car,4.13000000,near <15m,0.98000000,0,0,3251,219,216,6.64410950
-2,000011,5,Pedestrian,15.95000000,mid 15-30m,0.00000000,0,0,81,81,81,100.00000000
-2,000012,0,Car,58.84000000,far >=30m,0.00000000,0,0,13,13,13,100.00000000
-2,000012,1,Van,65.02000000,far >=30m,0.00000000,0,0,39,39,39,100.00000000
-2,000015,0,Car,4.10000000,near <15m,0.89000000,0,0,5857,1654,1641,28.01775653
-2,000015,1,Pedestrian,7.59000000,near <15m,0.00000000,1,0,386,386,373,96.63212435
-2,000015,2,Pedestrian,24.14000000,mid 15-30m,0.00000000,0,0,55,55,50,90.90909091
-2,000015,3,Pedestrian,24.22000000,mid 15-30m,0.00000000,0,0,70,70,62,88.57142857
-2,000015,4,Pedestrian,23.30000000,mid 15-30m,0.00000000,0,0,66,66,66,100.00000000
-2,000016,0,Car,44.41000000,far >=30m,0.00000000,2,0,24,24,24,100.00000000
-2,000016,1,Truck,26.41000000,mid 15-30m,0.00000000,2,0,1973,1973,1973,100.00000000
-2,000016,2,Car,33.13000000,far >=30m,0.00000000,0,0,51,51,51,100.00000000
-2,000016,3,Car,6.05000000,near <15m,0.50000000,0,0,2051,1776,1770,86.29936616
-2,000016,4,Car,46.74000000,far >=30m,0.00000000,0,0,10,10,10,100.00000000
-2,000019,0,Truck,5.46000000,near <15m,0.74000000,1,0,7634,4899,4892,64.08173959
-2,000019,1,Car,9.72000000,near <15m,0.00000000,0,0,1236,1236,1236,100.00000000
-2,000019,2,Van,35.34000000,far >=30m,0.00000000,0,0,106,106,106,100.00000000
-2,000019,3,Car,59.59000000,far >=30m,0.00000000,0,0,19,19,19,100.00000000
-2,000021,0,Cyclist,3.14000000,near <15m,0.89000000,0,0,1484,166,158,10.64690027
-2,000021,1,Car,13.30000000,near <15m,0.00000000,0,0,850,850,850,100.00000000
-2,000021,2,Car,17.60000000,mid 15-30m,0.00000000,1,0,238,238,238,100.00000000
-2,000021,3,Van,21.30000000,mid 15-30m,0.00000000,1,0,964,964,964,100.00000000
-2,000021,4,Car,25.97000000,mid 15-30m,0.00000000,0,0,176,176,176,100.00000000
-2,000021,5,Car,26.83000000,mid 15-30m,0.00000000,1,0,113,113,113,100.00000000
-2,000021,6,Car,32.13000000,far >=30m,0.00000000,2,0,50,50,50,100.00000000
-2,000021,7,Car,31.78000000,far >=30m,0.00000000,2,0,28,28,28,100.00000000
-2,000023,0,Truck,69.29000000,far >=30m,0.00000000,0,0,74,74,74,100.00000000
-2,000023,1,Car,55.08000000,far >=30m,0.00000000,0,0,13,13,13,100.00000000
-2,000023,2,Cyclist,44.76000000,far >=30m,0.00000000,3,0,20,20,20,100.00000000
-2,000025,0,Car,3.14000000,near <15m,0.94000000,3,0,1319,137,135,10.23502654
-2,000025,1,Car,10.42000000,near <15m,0.00000000,0,0,1121,1121,1121,100.00000000
-2,000025,2,Car,30.18000000,far >=30m,0.00000000,0,0,61,61,61,100.00000000
-2,000025,3,Car,17.48000000,mid 15-30m,0.00000000,0,0,316,316,316,100.00000000
-2,000025,4,Cyclist,44.63000000,far >=30m,0.00000000,3,0,21,21,21,100.00000000
-2,000025,5,Car,22.30000000,mid 15-30m,0.00000000,1,0,27,27,27,100.00000000
-2,000031,0,Car,12.20000000,near <15m,0.00000000,0,0,1028,1028,1028,100.00000000
-2,000031,1,Car,8.46000000,near <15m,0.00000000,0,0,1028,1028,1028,100.00000000
-2,000031,2,Car,13.14000000,near <15m,0.00000000,1,0,517,517,517,100.00000000
-2,000031,3,Truck,22.27000000,mid 15-30m,0.00000000,2,0,328,328,328,100.00000000
-2,000031,4,Car,26.41000000,mid 15-30m,0.00000000,0,0,141,141,141,100.00000000
-2,000031,5,Van,51.90000000,far >=30m,0.00000000,0,0,32,32,32,100.00000000
-2,000032,0,Car,9.00000000,near <15m,0.00000000,0,0,1435,1435,1435,100.00000000
-2,000032,1,Car,8.60000000,near <15m,0.00000000,0,0,1352,1352,1351,99.92603550
-2,000032,2,Van,14.34000000,near <15m,0.00000000,1,0,803,803,803,100.00000000
-2,000032,3,Car,13.47000000,near <15m,0.00000000,1,0,410,410,410,100.00000000
-2,000032,4,Car,19.85000000,mid 15-30m,0.00000000,2,0,71,71,71,100.00000000
-2,000032,5,Van,22.71000000,mid 15-30m,0.00000000,2,0,584,584,584,100.00000000
-2,000032,6,Car,25.25000000,mid 15-30m,0.00000000,2,0,75,75,75,100.00000000
-2,000032,7,Van,44.71000000,far >=30m,0.00000000,0,0,64,64,64,100.00000000
-2,000032,8,Van,39.04000000,far >=30m,0.00000000,2,0,154,154,154,100.00000000
-2,000032,9,Car,44.75000000,far >=30m,0.00000000,0,0,39,39,39,100.00000000
-2,000043,0,Pedestrian,12.56000000,near <15m,0.00000000,0,0,158,158,150,94.93670886
-2,000043,1,Pedestrian,12.34000000,near <15m,0.00000000,0,0,183,183,183,100.00000000
-2,000043,2,Pedestrian,20.51000000,mid 15-30m,0.00000000,0,0,85,85,85,100.00000000
-2,000043,3,Pedestrian,20.30000000,mid 15-30m,0.00000000,0,0,88,88,87,98.86363636
-2,000048,0,Pedestrian,16.82000000,mid 15-30m,0.00000000,0,0,113,113,110,97.34513274
-2,000048,1,Pedestrian,17.03000000,mid 15-30m,0.00000000,0,0,132,132,126,95.45454545
-2,000048,2,Pedestrian,16.26000000,mid 15-30m,0.00000000,0,0,116,116,101,87.06896552
-2,000048,3,Cyclist,30.42000000,far >=30m,0.00000000,0,0,41,41,41,100.00000000
-2,000049,0,Car,21.55000000,mid 15-30m,0.00000000,0,0,206,206,206,100.00000000
-2,000049,1,Car,13.75000000,near <15m,0.00000000,0,0,930,930,930,100.00000000
-2,000049,2,Car,21.82000000,mid 15-30m,0.00000000,2,0,140,140,140,100.00000000
-2,000049,3,Car,24.83000000,mid 15-30m,0.00000000,2,0,79,79,79,100.00000000
-2,000049,4,Car,32.49000000,far >=30m,0.00000000,2,0,18,18,18,100.00000000
-2,000049,5,Van,45.70000000,far >=30m,0.00000000,3,0,79,79,79,100.00000000
-2,000049,6,Pedestrian,4.71000000,near <15m,0.29000000,3,0,830,719,698,84.09638554
-2,000049,7,Car,9.53000000,near <15m,0.00000000,1,0,571,571,571,100.00000000
-2,000049,8,Car,14.89000000,near <15m,0.00000000,1,0,432,432,432,100.00000000
-2,000049,9,Car,20.20000000,mid 15-30m,0.00000000,2,0,198,198,198,100.00000000
-2,000049,10,Pedestrian,32.55000000,far >=30m,0.00000000,0,0,42,42,40,95.23809524
-2,000049,11,Car,31.83000000,far >=30m,0.00000000,2,0,74,74,74,100.00000000
-2,000049,12,Car,12.04000000,near <15m,0.07000000,3,0,437,437,437,100.00000000
-2,000049,13,Car,17.23000000,mid 15-30m,0.00000000,1,0,312,312,312,100.00000000
-2,000049,16,Van,32.04000000,far >=30m,0.00000000,3,0,261,261,261,100.00000000
-2,000049,17,Car,17.43000000,mid 15-30m,0.38000000,3,0,56,49,49,87.50000000
-2,000061,0,Van,15.23000000,mid 15-30m,0.05000000,3,0,989,988,987,99.79777553
-2,000061,1,Car,10.93000000,near <15m,0.79000000,3,0,441,114,114,25.85034014
-2,000061,3,Car,16.63000000,mid 15-30m,0.14000000,1,0,145,145,145,100.00000000
-2,000061,5,Van,40.44000000,far >=30m,0.00000000,3,0,14,14,14,100.00000000
0,000001,0,Truck,69.44000000,far >=30m,0.00000000,0,0,70,70,70,100.00000000
0,000001,2,Cyclist,45.84000000,far >=30m,0.00000000,3,0,18,18,18,100.00000000
0,000004,0,Car,38.26000000,far >=30m,0.00000000,0,0,77,77,77,100.00000000
0,000004,1,Car,51.17000000,far >=30m,0.00000000,0,0,26,26,26,100.00000000
0,000007,0,Car,25.01000000,mid 15-30m,0.00000000,0,0,191,191,191,100.00000000
0,000007,1,Car,47.55000000,far >=30m,0.00000000,0,0,19,19,19,100.00000000
0,000007,3,Cyclist,34.09000000,far >=30m,0.00000000,0,0,25,25,25,100.00000000
0,000008,0,Car,3.68000000,near <15m,0.88000000,3,0,6237,1424,1412,22.63908931
0,000008,1,Car,7.86000000,near <15m,0.00000000,1,0,1940,1940,1940,100.00000000
0,000008,2,Car,6.15000000,near <15m,0.34000000,3,0,1041,878,871,83.66954851
0,000008,3,Car,14.44000000,near <15m,0.00000000,1,0,668,668,668,100.00000000
0,000008,4,Car,33.20000000,far >=30m,0.00000000,0,0,53,53,53,100.00000000
0,000008,5,Car,19.96000000,mid 15-30m,0.00000000,0,0,164,164,164,100.00000000
0,000009,0,Car,23.88000000,mid 15-30m,0.00000000,0,0,219,219,219,100.00000000
0,000010,0,Car,5.20000000,near <15m,0.80000000,0,0,1645,283,277,16.83890578
0,000010,1,Car,11.80000000,near <15m,0.00000000,0,0,1016,1016,1016,100.00000000
0,000010,2,Pedestrian,23.51000000,mid 15-30m,0.00000000,2,0,23,23,23,100.00000000
0,000010,3,Car,16.50000000,mid 15-30m,0.00000000,0,0,340,340,340,100.00000000
0,000010,4,Car,22.05000000,mid 15-30m,0.00000000,2,0,48,48,48,100.00000000
0,000010,5,Car,23.64000000,mid 15-30m,0.00000000,0,0,246,246,246,100.00000000
0,000010,6,Car,29.07000000,mid 15-30m,0.00000000,2,0,55,55,55,100.00000000
0,000010,7,Car,28.53000000,mid 15-30m,0.00000000,1,0,33,33,33,100.00000000
0,000010,8,Car,42.85000000,far >=30m,0.00000000,1,0,20,20,20,100.00000000
0,000011,0,Pedestrian,12.42000000,near <15m,0.00000000,1,0,151,151,150,99.33774834
0,000011,1,Pedestrian,13.43000000,near <15m,0.00000000,2,0,35,35,35,100.00000000
0,000011,2,Car,26.64000000,mid 15-30m,0.00000000,0,0,208,208,208,100.00000000
0,000011,3,Pedestrian,34.08000000,far >=30m,0.00000000,0,0,40,40,40,100.00000000
0,000011,4,Car,4.13000000,near <15m,0.98000000,0,0,3251,210,207,6.36727161
0,000011,5,Pedestrian,15.95000000,mid 15-30m,0.00000000,0,0,81,81,81,100.00000000
0,000012,0,Car,58.84000000,far >=30m,0.00000000,0,0,13,13,13,100.00000000
0,000012,1,Van,65.02000000,far >=30m,0.00000000,0,0,39,39,39,100.00000000
0,000015,0,Car,4.10000000,near <15m,0.89000000,0,0,5857,1650,1637,27.94946218
0,000015,1,Pedestrian,7.59000000,near <15m,0.00000000,1,0,386,386,371,96.11398964
0,000015,2,Pedestrian,24.14000000,mid 15-30m,0.00000000,0,0,55,55,49,89.09090909
0,000015,3,Pedestrian,24.22000000,mid 15-30m,0.00000000,0,0,70,70,59,84.28571429
0,000015,4,Pedestrian,23.30000000,mid 15-30m,0.00000000,0,0,66,66,66,100.00000000
0,000016,0,Car,44.41000000,far >=30m,0.00000000,2,0,24,24,24,100.00000000
0,000016,1,Truck,26.41000000,mid 15-30m,0.00000000,2,0,1973,1973,1973,100.00000000
0,000016,2,Car,33.13000000,far >=30m,0.00000000,0,0,51,51,51,100.00000000
0,000016,3,Car,6.05000000,near <15m,0.50000000,0,0,2051,1766,1761,85.86055583
0,000016,4,Car,46.74000000,far >=30m,0.00000000,0,0,10,10,10,100.00000000
0,000019,0,Truck,5.46000000,near <15m,0.74000000,1,0,7634,4867,4862,63.68876081
0,000019,1,Car,9.72000000,near <15m,0.00000000,0,0,1236,1236,1236,100.00000000
0,000019,2,Van,35.34000000,far >=30m,0.00000000,0,0,106,106,106,100.00000000
0,000019,3,Car,59.59000000,far >=30m,0.00000000,0,0,19,19,19,100.00000000
0,000021,0,Cyclist,3.14000000,near <15m,0.89000000,0,0,1484,186,176,11.85983827
0,000021,1,Car,13.30000000,near <15m,0.00000000,0,0,850,850,850,100.00000000
0,000021,2,Car,17.60000000,mid 15-30m,0.00000000,1,0,238,238,238,100.00000000
0,000021,3,Van,21.30000000,mid 15-30m,0.00000000,1,0,964,964,964,100.00000000
0,000021,4,Car,25.97000000,mid 15-30m,0.00000000,0,0,176,176,176,100.00000000
0,000021,5,Car,26.83000000,mid 15-30m,0.00000000,1,0,113,113,113,100.00000000
0,000021,6,Car,32.13000000,far >=30m,0.00000000,2,0,50,50,50,100.00000000
0,000021,7,Car,31.78000000,far >=30m,0.00000000,2,0,28,28,28,100.00000000
0,000023,0,Truck,69.29000000,far >=30m,0.00000000,0,0,74,74,74,100.00000000
0,000023,1,Car,55.08000000,far >=30m,0.00000000,0,0,13,13,13,100.00000000
0,000023,2,Cyclist,44.76000000,far >=30m,0.00000000,3,0,20,20,20,100.00000000
0,000025,0,Car,3.14000000,near <15m,0.94000000,3,0,1319,140,138,10.46247157
0,000025,1,Car,10.42000000,near <15m,0.00000000,0,0,1121,1121,1121,100.00000000
0,000025,2,Car,30.18000000,far >=30m,0.00000000,0,0,61,61,61,100.00000000
0,000025,3,Car,17.48000000,mid 15-30m,0.00000000,0,0,316,316,316,100.00000000
0,000025,4,Cyclist,44.63000000,far >=30m,0.00000000,3,0,21,21,21,100.00000000
0,000025,5,Car,22.30000000,mid 15-30m,0.00000000,1,0,27,27,27,100.00000000
0,000031,0,Car,12.20000000,near <15m,0.00000000,0,0,1028,1028,1028,100.00000000
0,000031,1,Car,8.46000000,near <15m,0.00000000,0,0,1028,1028,1028,100.00000000
0,000031,2,Car,13.14000000,near <15m,0.00000000,1,0,517,517,517,100.00000000
0,000031,3,Truck,22.27000000,mid 15-30m,0.00000000,2,0,328,328,328,100.00000000
0,000031,4,Car,26.41000000,mid 15-30m,0.00000000,0,0,141,141,141,100.00000000
0,000031,5,Van,51.90000000,far >=30m,0.00000000,0,0,32,32,32,100.00000000
0,000032,0,Car,9.00000000,near <15m,0.00000000,0,0,1435,1435,1435,100.00000000
0,000032,1,Car,8.60000000,near <15m,0.00000000,0,0,1352,1352,1350,99.85207101
0,000032,2,Van,14.34000000,near <15m,0.00000000,1,0,803,803,803,100.00000000
0,000032,3,Car,13.47000000,near <15m,0.00000000,1,0,410,410,410,100.00000000
0,000032,4,Car,19.85000000,mid 15-30m,0.00000000,2,0,71,71,71,100.00000000
0,000032,5,Van,22.71000000,mid 15-30m,0.00000000,2,0,584,584,584,100.00000000
0,000032,6,Car,25.25000000,mid 15-30m,0.00000000,2,0,75,75,75,100.00000000
0,000032,7,Van,44.71000000,far >=30m,0.00000000,0,0,64,64,64,100.00000000
0,000032,8,Van,39.04000000,far >=30m,0.00000000,2,0,154,154,154,100.00000000
0,000032,9,Car,44.75000000,far >=30m,0.00000000,0,0,39,39,39,100.00000000
0,000043,0,Pedestrian,12.56000000,near <15m,0.00000000,0,0,158,158,150,94.93670886
0,000043,1,Pedestrian,12.34000000,near <15m,0.00000000,0,0,183,183,182,99.45355191
0,000043,2,Pedestrian,20.51000000,mid 15-30m,0.00000000,0,0,85,85,85,100.00000000
0,000043,3,Pedestrian,20.30000000,mid 15-30m,0.00000000,0,0,88,88,86,97.72727273
0,000048,0,Pedestrian,16.82000000,mid 15-30m,0.00000000,0,0,113,113,108,95.57522124
0,000048,1,Pedestrian,17.03000000,mid 15-30m,0.00000000,0,0,132,132,125,94.69696970
0,000048,2,Pedestrian,16.26000000,mid 15-30m,0.00000000,0,0,116,116,96,82.75862069
0,000048,3,Cyclist,30.42000000,far >=30m,0.00000000,0,0,41,41,41,100.00000000
0,000049,0,Car,21.55000000,mid 15-30m,0.00000000,0,0,206,206,206,100.00000000
0,000049,1,Car,13.75000000,near <15m,0.00000000,0,0,930,930,930,100.00000000
0,000049,2,Car,21.82000000,mid 15-30m,0.00000000,2,0,140,140,140,100.00000000
0,000049,3,Car,24.83000000,mid 15-30m,0.00000000,2,0,79,79,79,100.00000000
0,000049,4,Car,32.49000000,far >=30m,0.00000000,2,0,18,18,18,100.00000000
0,000049,5,Van,45.70000000,far >=30m,0.00000000,3,0,79,79,79,100.00000000
0,000049,6,Pedestrian,4.71000000,near <15m,0.29000000,3,0,830,719,690,83.13253012
0,000049,7,Car,9.53000000,near <15m,0.00000000,1,0,571,571,571,100.00000000
0,000049,8,Car,14.89000000,near <15m,0.00000000,1,0,432,432,432,100.00000000
0,000049,9,Car,20.20000000,mid 15-30m,0.00000000,2,0,198,198,198,100.00000000
0,000049,10,Pedestrian,32.55000000,far >=30m,0.00000000,0,0,42,42,37,88.09523810
0,000049,11,Car,31.83000000,far >=30m,0.00000000,2,0,74,74,74,100.00000000
0,000049,12,Car,12.04000000,near <15m,0.07000000,3,0,437,437,437,100.00000000
0,000049,13,Car,17.23000000,mid 15-30m,0.00000000,1,0,312,312,312,100.00000000
0,000049,16,Van,32.04000000,far >=30m,0.00000000,3,0,261,261,261,100.00000000
0,000049,17,Car,17.43000000,mid 15-30m,0.38000000,3,0,56,49,49,87.50000000
0,000061,0,Van,15.23000000,mid 15-30m,0.05000000,3,0,989,989,989,100.00000000
0,000061,1,Car,10.93000000,near <15m,0.79000000,3,0,441,108,108,24.48979592
0,000061,3,Car,16.63000000,mid 15-30m,0.14000000,1,0,145,145,145,100.00000000
0,000061,5,Van,40.44000000,far >=30m,0.00000000,3,0,14,14,14,100.00000000
2,000001,0,Truck,69.44000000,far >=30m,0.00000000,0,0,70,70,70,100.00000000
2,000001,2,Cyclist,45.84000000,far >=30m,0.00000000,3,0,18,18,18,100.00000000
2,000004,0,Car,38.26000000,far >=30m,0.00000000,0,0,77,77,77,100.00000000
2,000004,1,Car,51.17000000,far >=30m,0.00000000,0,0,26,26,26,100.00000000
2,000007,0,Car,25.01000000,mid 15-30m,0.00000000,0,0,191,191,191,100.00000000
2,000007,1,Car,47.55000000,far >=30m,0.00000000,0,0,19,19,19,100.00000000
2,000007,3,Cyclist,34.09000000,far >=30m,0.00000000,0,0,25,25,25,100.00000000
2,000008,0,Car,3.68000000,near <15m,0.88000000,3,0,6237,1412,1400,22.44668911
2,000008,1,Car,7.86000000,near <15m,0.00000000,1,0,1940,1940,1940,100.00000000
2,000008,2,Car,6.15000000,near <15m,0.34000000,3,0,1041,882,877,84.24591739
2,000008,3,Car,14.44000000,near <15m,0.00000000,1,0,668,668,668,100.00000000
2,000008,4,Car,33.20000000,far >=30m,0.00000000,0,0,53,53,53,100.00000000
2,000008,5,Car,19.96000000,mid 15-30m,0.00000000,0,0,164,164,164,100.00000000
2,000009,0,Car,23.88000000,mid 15-30m,0.00000000,0,0,219,219,219,100.00000000
2,000010,0,Car,5.20000000,near <15m,0.80000000,0,0,1645,287,282,17.14285714
2,000010,1,Car,11.80000000,near <15m,0.00000000,0,0,1016,1016,1016,100.00000000
2,000010,2,Pedestrian,23.51000000,mid 15-30m,0.00000000,2,0,23,23,23,100.00000000
2,000010,3,Car,16.50000000,mid 15-30m,0.00000000,0,0,340,340,340,100.00000000
2,000010,4,Car,22.05000000,mid 15-30m,0.00000000,2,0,48,48,48,100.00000000
2,000010,5,Car,23.64000000,mid 15-30m,0.00000000,0,0,246,246,246,100.00000000
2,000010,6,Car,29.07000000,mid 15-30m,0.00000000,2,0,55,55,55,100.00000000
2,000010,7,Car,28.53000000,mid 15-30m,0.00000000,1,0,33,33,33,100.00000000
2,000010,8,Car,42.85000000,far >=30m,0.00000000,1,0,20,20,20,100.00000000
2,000011,0,Pedestrian,12.42000000,near <15m,0.00000000,1,0,151,151,151,100.00000000
2,000011,1,Pedestrian,13.43000000,near <15m,0.00000000,2,0,35,35,35,100.00000000
2,000011,2,Car,26.64000000,mid 15-30m,0.00000000,0,0,208,208,208,100.00000000
2,000011,3,Pedestrian,34.08000000,far >=30m,0.00000000,0,0,40,40,38,95.00000000
2,000011,4,Car,4.13000000,near <15m,0.98000000,0,0,3251,204,201,6.18271301
2,000011,5,Pedestrian,15.95000000,mid 15-30m,0.00000000,0,0,81,81,81,100.00000000
2,000012,0,Car,58.84000000,far >=30m,0.00000000,0,0,13,13,13,100.00000000
2,000012,1,Van,65.02000000,far >=30m,0.00000000,0,0,39,39,39,100.00000000
2,000015,0,Car,4.10000000,near <15m,0.89000000,0,0,5857,1646,1631,27.84702066
2,000015,1,Pedestrian,7.59000000,near <15m,0.00000000,1,0,386,386,368,95.33678756
2,000015,2,Pedestrian,24.14000000,mid 15-30m,0.00000000,0,0,55,55,48,87.27272727
2,000015,3,Pedestrian,24.22000000,mid 15-30m,0.00000000,0,0,70,70,58,82.85714286
2,000015,4,Pedestrian,23.30000000,mid 15-30m,0.00000000,0,0,66,66,66,100.00000000
2,000016,0,Car,44.41000000,far >=30m,0.00000000,2,0,24,24,24,100.00000000
2,000016,1,Truck,26.41000000,mid 15-30m,0.00000000,2,0,1973,1973,1973,100.00000000
2,000016,2,Car,33.13000000,far >=30m,0.00000000,0,0,51,51,51,100.00000000
2,000016,3,Car,6.05000000,near <15m,0.50000000,0,0,2051,1754,1750,85.32423208
2,000016,4,Car,46.74000000,far >=30m,0.00000000,0,0,10,10,10,100.00000000
2,000019,0,Truck,5.46000000,near <15m,0.74000000,1,0,7634,4837,4832,63.29578203
2,000019,1,Car,9.72000000,near <15m,0.00000000,0,0,1236,1236,1236,100.00000000
2,000019,2,Van,35.34000000,far >=30m,0.00000000,0,0,106,106,106,100.00000000
2,000019,3,Car,59.59000000,far >=30m,0.00000000,0,0,19,19,19,100.00000000
2,000021,0,Cyclist,3.14000000,near <15m,0.89000000,0,0,1484,207,199,13.40970350
2,000021,1,Car,13.30000000,near <15m,0.00000000,0,0,850,850,850,100.00000000
2,000021,2,Car,17.60000000,mid 15-30m,0.00000000,1,0,238,238,238,100.00000000
2,000021,3,Van,21.30000000,mid 15-30m,0.00000000,1,0,964,964,964,100.00000000
2,000021,4,Car,25.97000000,mid 15-30m,0.00000000,0,0,176,176,176,100.00000000
2,000021,5,Car,26.83000000,mid 15-30m,0.00000000,1,0,113,113,113,100.00000000
2,000021,6,Car,32.13000000,far >=30m,0.00000000,2,0,50,50,50,100.00000000
2,000021,7,Car,31.78000000,far >=30m,0.00000000,2,0,28,28,28,100.00000000
2,000023,0,Truck,69.29000000,far >=30m,0.00000000,0,0,74,74,74,100.00000000
2,000023,1,Car,55.08000000,far >=30m,0.00000000,0,0,13,13,13,100.00000000
2,000023,2,Cyclist,44.76000000,far >=30m,0.00000000,3,0,20,20,20,100.00000000
2,000025,0,Car,3.14000000,near <15m,0.94000000,3,0,1319,143,141,10.68991660
2,000025,1,Car,10.42000000,near <15m,0.00000000,0,0,1121,1121,1121,100.00000000
2,000025,2,Car,30.18000000,far >=30m,0.00000000,0,0,61,61,61,100.00000000
2,000025,3,Car,17.48000000,mid 15-30m,0.00000000,0,0,316,316,316,100.00000000
2,000025,4,Cyclist,44.63000000,far >=30m,0.00000000,3,0,21,21,21,100.00000000
2,000025,5,Car,22.30000000,mid 15-30m,0.00000000,1,0,27,27,27,100.00000000
2,000031,0,Car,12.20000000,near <15m,0.00000000,0,0,1028,1028,1028,100.00000000
2,000031,1,Car,8.46000000,near <15m,0.00000000,0,0,1028,1028,1028,100.00000000
2,000031,2,Car,13.14000000,near <15m,0.00000000,1,0,517,517,517,100.00000000
2,000031,3,Truck,22.27000000,mid 15-30m,0.00000000,2,0,328,328,328,100.00000000
2,000031,4,Car,26.41000000,mid 15-30m,0.00000000,0,0,141,141,141,100.00000000
2,000031,5,Van,51.90000000,far >=30m,0.00000000,0,0,32,32,32,100.00000000
2,000032,0,Car,9.00000000,near <15m,0.00000000,0,0,1435,1435,1435,100.00000000
2,000032,1,Car,8.60000000,near <15m,0.00000000,0,0,1352,1352,1350,99.85207101
2,000032,2,Van,14.34000000,near <15m,0.00000000,1,0,803,803,803,100.00000000
2,000032,3,Car,13.47000000,near <15m,0.00000000,1,0,410,410,410,100.00000000
2,000032,4,Car,19.85000000,mid 15-30m,0.00000000,2,0,71,71,71,100.00000000
2,000032,5,Van,22.71000000,mid 15-30m,0.00000000,2,0,584,584,584,100.00000000
2,000032,6,Car,25.25000000,mid 15-30m,0.00000000,2,0,75,75,75,100.00000000
2,000032,7,Van,44.71000000,far >=30m,0.00000000,0,0,64,64,64,100.00000000
2,000032,8,Van,39.04000000,far >=30m,0.00000000,2,0,154,154,154,100.00000000
2,000032,9,Car,44.75000000,far >=30m,0.00000000,0,0,39,39,39,100.00000000
2,000043,0,Pedestrian,12.56000000,near <15m,0.00000000,0,0,158,158,151,95.56962025
2,000043,1,Pedestrian,12.34000000,near <15m,0.00000000,0,0,183,183,179,97.81420765
2,000043,2,Pedestrian,20.51000000,mid 15-30m,0.00000000,0,0,85,85,85,100.00000000
2,000043,3,Pedestrian,20.30000000,mid 15-30m,0.00000000,0,0,88,88,87,98.86363636
2,000048,0,Pedestrian,16.82000000,mid 15-30m,0.00000000,0,0,113,113,103,91.15044248
2,000048,1,Pedestrian,17.03000000,mid 15-30m,0.00000000,0,0,132,132,123,93.18181818
2,000048,2,Pedestrian,16.26000000,mid 15-30m,0.00000000,0,0,116,116,96,82.75862069
2,000048,3,Cyclist,30.42000000,far >=30m,0.00000000,0,0,41,41,41,100.00000000
2,000049,0,Car,21.55000000,mid 15-30m,0.00000000,0,0,206,206,206,100.00000000
2,000049,1,Car,13.75000000,near <15m,0.00000000,0,0,930,930,930,100.00000000
2,000049,2,Car,21.82000000,mid 15-30m,0.00000000,2,0,140,140,140,100.00000000
2,000049,3,Car,24.83000000,mid 15-30m,0.00000000,2,0,79,79,79,100.00000000
2,000049,4,Car,32.49000000,far >=30m,0.00000000,2,0,18,18,18,100.00000000
2,000049,5,Van,45.70000000,far >=30m,0.00000000,3,0,79,79,79,100.00000000
2,000049,6,Pedestrian,4.71000000,near <15m,0.29000000,3,0,830,719,680,81.92771084
2,000049,7,Car,9.53000000,near <15m,0.00000000,1,0,571,571,571,100.00000000
2,000049,8,Car,14.89000000,near <15m,0.00000000,1,0,432,432,432,100.00000000
2,000049,9,Car,20.20000000,mid 15-30m,0.00000000,2,0,198,198,198,100.00000000
2,000049,10,Pedestrian,32.55000000,far >=30m,0.00000000,0,0,42,42,36,85.71428571
2,000049,11,Car,31.83000000,far >=30m,0.00000000,2,0,74,74,74,100.00000000
2,000049,12,Car,12.04000000,near <15m,0.07000000,3,0,437,437,437,100.00000000
2,000049,13,Car,17.23000000,mid 15-30m,0.00000000,1,0,312,312,312,100.00000000
2,000049,16,Van,32.04000000,far >=30m,0.00000000,3,0,261,261,261,100.00000000
2,000049,17,Car,17.43000000,mid 15-30m,0.38000000,3,0,56,49,49,87.50000000
2,000061,0,Van,15.23000000,mid 15-30m,0.05000000,3,0,989,989,989,100.00000000
2,000061,1,Car,10.93000000,near <15m,0.79000000,3,0,441,103,103,23.35600907
2,000061,3,Car,16.63000000,mid 15-30m,0.14000000,1,0,145,145,145,100.00000000
2,000061,5,Van,40.44000000,far >=30m,0.00000000,3,0,14,14,14,100.00000000
5,000001,0,Truck,69.44000000,far >=30m,0.00000000,0,0,70,70,69,98.57142857
5,000001,2,Cyclist,45.84000000,far >=30m,0.00000000,3,0,18,18,18,100.00000000
5,000004,0,Car,38.26000000,far >=30m,0.00000000,0,0,77,77,77,100.00000000
5,000004,1,Car,51.17000000,far >=30m,0.00000000,0,0,26,26,26,100.00000000
5,000007,0,Car,25.01000000,mid 15-30m,0.00000000,0,0,191,191,191,100.00000000
5,000007,1,Car,47.55000000,far >=30m,0.00000000,0,0,19,19,18,94.73684211
5,000007,3,Cyclist,34.09000000,far >=30m,0.00000000,0,0,25,25,25,100.00000000
5,000008,0,Car,3.68000000,near <15m,0.88000000,3,0,6237,1393,1381,22.14205548
5,000008,1,Car,7.86000000,near <15m,0.00000000,1,0,1940,1940,1940,100.00000000
5,000008,2,Car,6.15000000,near <15m,0.34000000,3,0,1041,888,884,84.91834774
5,000008,3,Car,14.44000000,near <15m,0.00000000,1,0,668,668,668,100.00000000
5,000008,4,Car,33.20000000,far >=30m,0.00000000,0,0,53,53,53,100.00000000
5,000008,5,Car,19.96000000,mid 15-30m,0.00000000,0,0,164,164,164,100.00000000
5,000009,0,Car,23.88000000,mid 15-30m,0.00000000,0,0,219,219,219,100.00000000
5,000010,0,Car,5.20000000,near <15m,0.80000000,0,0,1645,295,290,17.62917933
5,000010,1,Car,11.80000000,near <15m,0.00000000,0,0,1016,1016,1016,100.00000000
5,000010,2,Pedestrian,23.51000000,mid 15-30m,0.00000000,2,0,23,23,23,100.00000000
5,000010,3,Car,16.50000000,mid 15-30m,0.00000000,0,0,340,340,340,100.00000000
5,000010,4,Car,22.05000000,mid 15-30m,0.00000000,2,0,48,48,48,100.00000000
5,000010,5,Car,23.64000000,mid 15-30m,0.00000000,0,0,246,246,246,100.00000000
5,000010,6,Car,29.07000000,mid 15-30m,0.00000000,2,0,55,55,55,100.00000000
5,000010,7,Car,28.53000000,mid 15-30m,0.00000000,1,0,33,33,33,100.00000000
5,000010,8,Car,42.85000000,far >=30m,0.00000000,1,0,20,20,20,100.00000000
5,000011,0,Pedestrian,12.42000000,near <15m,0.00000000,1,0,151,151,149,98.67549669
5,000011,1,Pedestrian,13.43000000,near <15m,0.00000000,2,0,35,35,35,100.00000000
5,000011,2,Car,26.64000000,mid 15-30m,0.00000000,0,0,208,208,208,100.00000000
5,000011,3,Pedestrian,34.08000000,far >=30m,0.00000000,0,0,40,40,38,95.00000000
5,000011,4,Car,4.13000000,near <15m,0.98000000,0,0,3251,191,188,5.78283605
5,000011,5,Pedestrian,15.95000000,mid 15-30m,0.00000000,0,0,81,81,81,100.00000000
5,000012,0,Car,58.84000000,far >=30m,0.00000000,0,0,13,13,13,100.00000000
5,000012,1,Van,65.02000000,far >=30m,0.00000000,0,0,39,39,39,100.00000000
5,000015,0,Car,4.10000000,near <15m,0.89000000,0,0,5857,1642,1627,27.77872631
5,000015,1,Pedestrian,7.59000000,near <15m,0.00000000,1,0,386,386,356,92.22797927
5,000015,2,Pedestrian,24.14000000,mid 15-30m,0.00000000,0,0,55,55,45,81.81818182
5,000015,3,Pedestrian,24.22000000,mid 15-30m,0.00000000,0,0,70,70,54,77.14285714
5,000015,4,Pedestrian,23.30000000,mid 15-30m,0.00000000,0,0,66,66,63,95.45454545
5,000016,0,Car,44.41000000,far >=30m,0.00000000,2,0,24,24,24,100.00000000
5,000016,1,Truck,26.41000000,mid 15-30m,0.00000000,2,0,1973,1973,1973,100.00000000
5,000016,2,Car,33.13000000,far >=30m,0.00000000,0,0,51,51,51,100.00000000
5,000016,3,Car,6.05000000,near <15m,0.50000000,0,0,2051,1730,1726,84.15407118
5,000016,4,Car,46.74000000,far >=30m,0.00000000,0,0,10,10,10,100.00000000
5,000019,0,Truck,5.46000000,near <15m,0.74000000,1,0,7634,4789,4784,62.66701598
5,000019,1,Car,9.72000000,near <15m,0.00000000,0,0,1236,1236,1236,100.00000000
5,000019,2,Van,35.34000000,far >=30m,0.00000000,0,0,106,106,106,100.00000000
5,000019,3,Car,59.59000000,far >=30m,0.00000000,0,0,19,19,19,100.00000000
5,000021,0,Cyclist,3.14000000,near <15m,0.89000000,0,0,1484,231,227,15.29649596
5,000021,1,Car,13.30000000,near <15m,0.00000000,0,0,850,850,850,100.00000000
5,000021,2,Car,17.60000000,mid 15-30m,0.00000000,1,0,238,238,238,100.00000000
5,000021,3,Van,21.30000000,mid 15-30m,0.00000000,1,0,964,964,964,100.00000000
5,000021,4,Car,25.97000000,mid 15-30m,0.00000000,0,0,176,176,176,100.00000000
5,000021,5,Car,26.83000000,mid 15-30m,0.00000000,1,0,113,113,113,100.00000000
5,000021,6,Car,32.13000000,far >=30m,0.00000000,2,0,50,50,50,100.00000000
5,000021,7,Car,31.78000000,far >=30m,0.00000000,2,0,28,28,28,100.00000000
5,000023,0,Truck,69.29000000,far >=30m,0.00000000,0,0,74,74,74,100.00000000
5,000023,1,Car,55.08000000,far >=30m,0.00000000,0,0,13,13,13,100.00000000
5,000023,2,Cyclist,44.76000000,far >=30m,0.00000000,3,0,20,20,20,100.00000000
5,000025,0,Car,3.14000000,near <15m,0.94000000,3,0,1319,151,146,11.06899166
5,000025,1,Car,10.42000000,near <15m,0.00000000,0,0,1121,1121,1120,99.91079393
5,000025,2,Car,30.18000000,far >=30m,0.00000000,0,0,61,61,61,100.00000000
5,000025,3,Car,17.48000000,mid 15-30m,0.00000000,0,0,316,316,316,100.00000000
5,000025,4,Cyclist,44.63000000,far >=30m,0.00000000,3,0,21,21,21,100.00000000
5,000025,5,Car,22.30000000,mid 15-30m,0.00000000,1,0,27,27,27,100.00000000
5,000031,0,Car,12.20000000,near <15m,0.00000000,0,0,1028,1028,1028,100.00000000
5,000031,1,Car,8.46000000,near <15m,0.00000000,0,0,1028,1028,1028,100.00000000
5,000031,2,Car,13.14000000,near <15m,0.00000000,1,0,517,517,516,99.80657640
5,000031,3,Truck,22.27000000,mid 15-30m,0.00000000,2,0,328,328,328,100.00000000
5,000031,4,Car,26.41000000,mid 15-30m,0.00000000,0,0,141,141,141,100.00000000
5,000031,5,Van,51.90000000,far >=30m,0.00000000,0,0,32,32,32,100.00000000
5,000032,0,Car,9.00000000,near <15m,0.00000000,0,0,1435,1435,1435,100.00000000
5,000032,1,Car,8.60000000,near <15m,0.00000000,0,0,1352,1352,1350,99.85207101
5,000032,2,Van,14.34000000,near <15m,0.00000000,1,0,803,803,803,100.00000000
5,000032,3,Car,13.47000000,near <15m,0.00000000,1,0,410,410,410,100.00000000
5,000032,4,Car,19.85000000,mid 15-30m,0.00000000,2,0,71,71,71,100.00000000
5,000032,5,Van,22.71000000,mid 15-30m,0.00000000,2,0,584,584,584,100.00000000
5,000032,6,Car,25.25000000,mid 15-30m,0.00000000,2,0,75,75,75,100.00000000
5,000032,7,Van,44.71000000,far >=30m,0.00000000,0,0,64,64,64,100.00000000
5,000032,8,Van,39.04000000,far >=30m,0.00000000,2,0,154,154,154,100.00000000
5,000032,9,Car,44.75000000,far >=30m,0.00000000,0,0,39,39,39,100.00000000
5,000043,0,Pedestrian,12.56000000,near <15m,0.00000000,0,0,158,158,149,94.30379747
5,000043,1,Pedestrian,12.34000000,near <15m,0.00000000,0,0,183,183,172,93.98907104
5,000043,2,Pedestrian,20.51000000,mid 15-30m,0.00000000,0,0,85,85,85,100.00000000
5,000043,3,Pedestrian,20.30000000,mid 15-30m,0.00000000,0,0,88,88,84,95.45454545
5,000048,0,Pedestrian,16.82000000,mid 15-30m,0.00000000,0,0,113,113,102,90.26548673
5,000048,1,Pedestrian,17.03000000,mid 15-30m,0.00000000,0,0,132,132,119,90.15151515
5,000048,2,Pedestrian,16.26000000,mid 15-30m,0.00000000,0,0,116,116,91,78.44827586
5,000048,3,Cyclist,30.42000000,far >=30m,0.00000000,0,0,41,41,41,100.00000000
5,000049,0,Car,21.55000000,mid 15-30m,0.00000000,0,0,206,206,206,100.00000000
5,000049,1,Car,13.75000000,near <15m,0.00000000,0,0,930,930,930,100.00000000
5,000049,2,Car,21.82000000,mid 15-30m,0.00000000,2,0,140,140,140,100.00000000
5,000049,3,Car,24.83000000,mid 15-30m,0.00000000,2,0,79,79,79,100.00000000
5,000049,4,Car,32.49000000,far >=30m,0.00000000,2,0,18,18,18,100.00000000
5,000049,5,Van,45.70000000,far >=30m,0.00000000,3,0,79,79,79,100.00000000
5,000049,6,Pedestrian,4.71000000,near <15m,0.29000000,3,0,830,719,671,80.84337349
5,000049,7,Car,9.53000000,near <15m,0.00000000,1,0,571,571,571,100.00000000
5,000049,8,Car,14.89000000,near <15m,0.00000000,1,0,432,432,432,100.00000000
5,000049,9,Car,20.20000000,mid 15-30m,0.00000000,2,0,198,198,198,100.00000000
5,000049,10,Pedestrian,32.55000000,far >=30m,0.00000000,0,0,42,42,36,85.71428571
5,000049,11,Car,31.83000000,far >=30m,0.00000000,2,0,74,74,74,100.00000000
5,000049,12,Car,12.04000000,near <15m,0.07000000,3,0,437,437,437,100.00000000
5,000049,13,Car,17.23000000,mid 15-30m,0.00000000,1,0,312,312,312,100.00000000
5,000049,16,Van,32.04000000,far >=30m,0.00000000,3,0,261,261,261,100.00000000
5,000049,17,Car,17.43000000,mid 15-30m,0.38000000,3,0,56,49,49,87.50000000
5,000061,0,Van,15.23000000,mid 15-30m,0.05000000,3,0,989,989,989,100.00000000
5,000061,1,Car,10.93000000,near <15m,0.79000000,3,0,441,96,96,21.76870748
5,000061,3,Car,16.63000000,mid 15-30m,0.14000000,1,0,145,145,145,100.00000000
5,000061,5,Van,40.44000000,far >=30m,0.00000000,3,0,14,14,14,100.00000000
10,000001,0,Truck,69.44000000,far >=30m,0.00000000,0,0,70,70,68,97.14285714
10,000001,2,Cyclist,45.84000000,far >=30m,0.00000000,3,0,18,18,17,94.44444444
10,000004,0,Car,38.26000000,far >=30m,0.00000000,0,0,77,77,77,100.00000000
10,000004,1,Car,51.17000000,far >=30m,0.00000000,0,0,26,26,26,100.00000000
10,000007,0,Car,25.01000000,mid 15-30m,0.00000000,0,0,191,191,186,97.38219895
10,000007,1,Car,47.55000000,far >=30m,0.00000000,0,0,19,19,18,94.73684211
10,000007,3,Cyclist,34.09000000,far >=30m,0.00000000,0,0,25,25,25,100.00000000
10,000008,0,Car,3.68000000,near <15m,0.88000000,3,0,6237,1352,1342,21.51675485
10,000008,1,Car,7.86000000,near <15m,0.00000000,1,0,1940,1940,1940,100.00000000
10,000008,2,Car,6.15000000,near <15m,0.34000000,3,0,1041,893,889,85.39865514
10,000008,3,Car,14.44000000,near <15m,0.00000000,1,0,668,668,668,100.00000000
10,000008,4,Car,33.20000000,far >=30m,0.00000000,0,0,53,53,53,100.00000000
10,000008,5,Car,19.96000000,mid 15-30m,0.00000000,0,0,164,164,164,100.00000000
10,000009,0,Car,23.88000000,mid 15-30m,0.00000000,0,0,219,219,217,99.08675799
10,000010,0,Car,5.20000000,near <15m,0.80000000,0,0,1645,308,303,18.41945289
10,000010,1,Car,11.80000000,near <15m,0.00000000,0,0,1016,1016,1016,100.00000000
10,000010,2,Pedestrian,23.51000000,mid 15-30m,0.00000000,2,0,23,23,23,100.00000000
10,000010,3,Car,16.50000000,mid 15-30m,0.00000000,0,0,340,340,340,100.00000000
10,000010,4,Car,22.05000000,mid 15-30m,0.00000000,2,0,48,48,48,100.00000000
10,000010,5,Car,23.64000000,mid 15-30m,0.00000000,0,0,246,246,246,100.00000000
10,000010,6,Car,29.07000000,mid 15-30m,0.00000000,2,0,55,55,55,100.00000000
10,000010,7,Car,28.53000000,mid 15-30m,0.00000000,1,0,33,33,33,100.00000000
10,000010,8,Car,42.85000000,far >=30m,0.00000000,1,0,20,20,20,100.00000000
10,000011,0,Pedestrian,12.42000000,near <15m,0.00000000,1,0,151,151,145,96.02649007
10,000011,1,Pedestrian,13.43000000,near <15m,0.00000000,2,0,35,35,35,100.00000000
10,000011,2,Car,26.64000000,mid 15-30m,0.00000000,0,0,208,208,208,100.00000000
10,000011,3,Pedestrian,34.08000000,far >=30m,0.00000000,0,0,40,40,35,87.50000000
10,000011,4,Car,4.13000000,near <15m,0.98000000,0,0,3251,170,168,5.16764073
10,000011,5,Pedestrian,15.95000000,mid 15-30m,0.00000000,0,0,81,81,78,96.29629630
10,000012,0,Car,58.84000000,far >=30m,0.00000000,0,0,13,13,13,100.00000000
10,000012,1,Van,65.02000000,far >=30m,0.00000000,0,0,39,39,39,100.00000000
10,000015,0,Car,4.10000000,near <15m,0.89000000,0,0,5857,1632,1618,27.62506403
10,000015,1,Pedestrian,7.59000000,near <15m,0.00000000,1,0,386,386,324,83.93782383
10,000015,2,Pedestrian,24.14000000,mid 15-30m,0.00000000,0,0,55,55,38,69.09090909
10,000015,3,Pedestrian,24.22000000,mid 15-30m,0.00000000,0,0,70,70,48,68.57142857
10,000015,4,Pedestrian,23.30000000,mid 15-30m,0.00000000,0,0,66,66,61,92.42424242
10,000016,0,Car,44.41000000,far >=30m,0.00000000,2,0,24,24,24,100.00000000
10,000016,1,Truck,26.41000000,mid 15-30m,0.00000000,2,0,1973,1973,1973,100.00000000
10,000016,2,Car,33.13000000,far >=30m,0.00000000,0,0,51,51,51,100.00000000
10,000016,3,Car,6.05000000,near <15m,0.50000000,0,0,2051,1689,1685,82.15504632
10,000016,4,Car,46.74000000,far >=30m,0.00000000,0,0,10,10,10,100.00000000
10,000019,0,Truck,5.46000000,near <15m,0.74000000,1,0,7634,4714,4708,61.67146974
10,000019,1,Car,9.72000000,near <15m,0.00000000,0,0,1236,1236,1236,100.00000000
10,000019,2,Van,35.34000000,far >=30m,0.00000000,0,0,106,106,106,100.00000000
10,000019,3,Car,59.59000000,far >=30m,0.00000000,0,0,19,19,19,100.00000000
10,000021,0,Cyclist,3.14000000,near <15m,0.89000000,0,0,1484,280,272,18.32884097
10,000021,1,Car,13.30000000,near <15m,0.00000000,0,0,850,850,850,100.00000000
10,000021,2,Car,17.60000000,mid 15-30m,0.00000000,1,0,238,238,238,100.00000000
10,000021,3,Van,21.30000000,mid 15-30m,0.00000000,1,0,964,964,964,100.00000000
10,000021,4,Car,25.97000000,mid 15-30m,0.00000000,0,0,176,176,176,100.00000000
10,000021,5,Car,26.83000000,mid 15-30m,0.00000000,1,0,113,113,113,100.00000000
10,000021,6,Car,32.13000000,far >=30m,0.00000000,2,0,50,50,50,100.00000000
10,000021,7,Car,31.78000000,far >=30m,0.00000000,2,0,28,28,28,100.00000000
10,000023,0,Truck,69.29000000,far >=30m,0.00000000,0,0,74,74,72,97.29729730
10,000023,1,Car,55.08000000,far >=30m,0.00000000,0,0,13,13,13,100.00000000
10,000023,2,Cyclist,44.76000000,far >=30m,0.00000000,3,0,20,20,20,100.00000000
10,000025,0,Car,3.14000000,near <15m,0.94000000,3,0,1319,159,156,11.82714177
10,000025,1,Car,10.42000000,near <15m,0.00000000,0,0,1121,1121,1117,99.64317574
10,000025,2,Car,30.18000000,far >=30m,0.00000000,0,0,61,61,61,100.00000000
10,000025,3,Car,17.48000000,mid 15-30m,0.00000000,0,0,316,316,316,100.00000000
10,000025,4,Cyclist,44.63000000,far >=30m,0.00000000,3,0,21,21,20,95.23809524
10,000025,5,Car,22.30000000,mid 15-30m,0.00000000,1,0,27,27,26,96.29629630
10,000031,0,Car,12.20000000,near <15m,0.00000000,0,0,1028,1028,1025,99.70817121
10,000031,1,Car,8.46000000,near <15m,0.00000000,0,0,1028,1028,1028,100.00000000
10,000031,2,Car,13.14000000,near <15m,0.00000000,1,0,517,517,511,98.83945841
10,000031,3,Truck,22.27000000,mid 15-30m,0.00000000,2,0,328,328,327,99.69512195
10,000031,4,Car,26.41000000,mid 15-30m,0.00000000,0,0,141,141,140,99.29078014
10,000031,5,Van,51.90000000,far >=30m,0.00000000,0,0,32,32,32,100.00000000
10,000032,0,Car,9.00000000,near <15m,0.00000000,0,0,1435,1435,1435,100.00000000
10,000032,1,Car,8.60000000,near <15m,0.00000000,0,0,1352,1352,1350,99.85207101
10,000032,2,Van,14.34000000,near <15m,0.00000000,1,0,803,803,803,100.00000000
10,000032,3,Car,13.47000000,near <15m,0.00000000,1,0,410,410,410,100.00000000
10,000032,4,Car,19.85000000,mid 15-30m,0.00000000,2,0,71,71,68,95.77464789
10,000032,5,Van,22.71000000,mid 15-30m,0.00000000,2,0,584,584,584,100.00000000
10,000032,6,Car,25.25000000,mid 15-30m,0.00000000,2,0,75,75,75,100.00000000
10,000032,7,Van,44.71000000,far >=30m,0.00000000,0,0,64,64,64,100.00000000
10,000032,8,Van,39.04000000,far >=30m,0.00000000,2,0,154,154,154,100.00000000
10,000032,9,Car,44.75000000,far >=30m,0.00000000,0,0,39,39,39,100.00000000
10,000043,0,Pedestrian,12.56000000,near <15m,0.00000000,0,0,158,158,143,90.50632911
10,000043,1,Pedestrian,12.34000000,near <15m,0.00000000,0,0,183,183,157,85.79234973
10,000043,2,Pedestrian,20.51000000,mid 15-30m,0.00000000,0,0,85,85,81,95.29411765
10,000043,3,Pedestrian,20.30000000,mid 15-30m,0.00000000,0,0,88,88,79,89.77272727
10,000048,0,Pedestrian,16.82000000,mid 15-30m,0.00000000,0,0,113,113,93,82.30088496
10,000048,1,Pedestrian,17.03000000,mid 15-30m,0.00000000,0,0,132,132,112,84.84848485
10,000048,2,Pedestrian,16.26000000,mid 15-30m,0.00000000,0,0,116,116,80,68.96551724
10,000048,3,Cyclist,30.42000000,far >=30m,0.00000000,0,0,41,41,41,100.00000000
10,000049,0,Car,21.55000000,mid 15-30m,0.00000000,0,0,206,206,200,97.08737864
10,000049,1,Car,13.75000000,near <15m,0.00000000,0,0,930,930,927,99.67741935
10,000049,2,Car,21.82000000,mid 15-30m,0.00000000,2,0,140,140,140,100.00000000
10,000049,3,Car,24.83000000,mid 15-30m,0.00000000,2,0,79,79,79,100.00000000
10,000049,4,Car,32.49000000,far >=30m,0.00000000,2,0,18,18,18,100.00000000
10,000049,5,Van,45.70000000,far >=30m,0.00000000,3,0,79,79,79,100.00000000
10,000049,6,Pedestrian,4.71000000,near <15m,0.29000000,3,0,830,719,650,78.31325301
10,000049,7,Car,9.53000000,near <15m,0.00000000,1,0,571,571,568,99.47460595
10,000049,8,Car,14.89000000,near <15m,0.00000000,1,0,432,432,432,100.00000000
10,000049,9,Car,20.20000000,mid 15-30m,0.00000000,2,0,198,198,198,100.00000000
10,000049,10,Pedestrian,32.55000000,far >=30m,0.00000000,0,0,42,42,35,83.33333333
10,000049,11,Car,31.83000000,far >=30m,0.00000000,2,0,74,74,74,100.00000000
10,000049,12,Car,12.04000000,near <15m,0.07000000,3,0,437,437,437,100.00000000
10,000049,13,Car,17.23000000,mid 15-30m,0.00000000,1,0,312,312,312,100.00000000
10,000049,16,Van,32.04000000,far >=30m,0.00000000,3,0,261,261,261,100.00000000
10,000049,17,Car,17.43000000,mid 15-30m,0.38000000,3,0,56,49,49,87.50000000
10,000061,0,Van,15.23000000,mid 15-30m,0.05000000,3,0,989,989,989,100.00000000
10,000061,1,Car,10.93000000,near <15m,0.79000000,3,0,441,85,85,19.27437642
10,000061,3,Car,16.63000000,mid 15-30m,0.14000000,1,0,145,145,145,100.00000000
10,000061,5,Van,40.44000000,far >=30m,0.00000000,3,0,14,14,14,100.00000000
