yaw_deg,n_frames,n_objects,n_object_points,n_hit,hit_micro_pct,hit_macro_pct,fov_pct,median_frame_shift_px
-3.00000000,20,106,59636,31346,52.56221075,35.11885302,15.71718372,43.43010116
-2.00000000,20,106,59636,34731,58.23831243,48.89833870,15.72560656,29.04411820
-1.00000000,20,106,59636,38401,64.39231337,72.94585048,15.73042560,14.57246389
-0.50000000,20,106,59636,39637,66.46488698,86.58490065,15.73277226,7.29724315
0.00000000,20,106,59636,39895,66.89751157,92.89039854,15.73956081,0.00000000
0.50000000,20,106,59636,39036,65.45710645,83.43908126,15.74655889,7.29900721
1.00000000,20,106,59636,37396,62.70708968,68.52391665,15.74978555,14.57519637
2.00000000,20,106,59636,34034,57.06955530,47.51371385,15.75141983,29.07135548
3.00000000,20,106,59636,31048,52.06251258,35.60345992,15.75967505,43.50077889
